Asset,T Ret,T <=2019,T >=2020,T Sharpe,T Mean,T Std,T-P Ret,T-P <=2019,T-P >=2020,T-P Sharpe,T-P Mean,T-P Std,Trades,Start,End
HAL,4.46,1.78,2.68,0.54,0.05,0.09,3.81,2.33,1.47,0.51,0.05,-0.01,135.00,2013-11-18 00:00:00,2023-11-16 00:00:00
BTC-USD,9.52,5.21,4.32,0.54,0.10,0.19,2.79,1.03,1.76,0.35,0.08,0.06,163.00,2014-09-17 00:00:00,2023-11-15 00:00:00
ETH-USD,8.07,3.49,4.59,0.53,0.12,0.22,3.63,3.34,0.29,0.38,0.09,0.05,113.00,2017-11-09 00:00:00,2023-11-15 00:00:00
GEHC,0.26,0.00,0.26,0.48,0.03,0.07,0.08,0.00,0.08,0.35,0.02,0.00,13.00,2022-12-15 00:00:00,2023-11-16 00:00:00
WST,2.85,1.52,1.32,0.46,0.03,0.08,0.47,0.23,0.25,0.27,0.02,0.01,130.00,2013-11-18 00:00:00,2023-11-16 00:00:00
BK,2.07,1.21,0.86,0.45,0.02,0.05,1.35,0.76,0.59,0.40,0.02,-0.01,143.00,2013-11-18 00:00:00,2023-11-16 00:00:00
BR,2.00,1.15,0.85,0.45,0.02,0.05,0.12,-0.14,0.25,0.28,0.01,0.00,137.00,2013-11-18 00:00:00,2023-11-16 00:00:00
LUV,2.86,1.81,1.05,0.44,0.04,0.08,1.97,0.51,1.46,0.39,0.03,0.01,132.00,2013-11-18 00:00:00,2023-11-16 00:00:00
ENPH,8.06,5.32,2.73,0.44,0.10,0.22,2.33,2.01,0.33,0.28,0.07,0.03,132.00,2013-11-18 00:00:00,2023-11-16 00:00:00
AAPL,2.69,1.69,1.00,0.43,0.03,0.07,-0.03,0.16,-0.19,0.23,0.02,0.01,142.00,2013-11-18 00:00:00,2023-11-15 00:00:00
SPGI,2.04,1.00,1.04,0.43,0.02,0.06,-0.02,-0.44,0.41,0.27,0.02,0.00,141.00,2013-11-18 00:00:00,2023-11-16 00:00:00
PPL,1.73,0.59,1.14,0.43,0.02,0.04,1.47,0.35,1.12,0.41,0.02,-0.01,139.00,2013-11-18 00:00:00,2023-11-16 00:00:00
URI,3.68,2.61,1.07,0.43,0.04,0.09,0.85,1.28,-0.43,0.29,0.03,0.00,146.00,2013-11-18 00:00:00,2023-11-16 00:00:00
MHK,2.49,1.40,1.09,0.43,0.03,0.07,2.28,1.22,1.06,0.42,0.03,-0.01,136.00,2013-11-18 00:00:00,2023-11-16 00:00:00
ALGN,4.47,2.16,2.31,0.41,0.05,0.13,2.11,0.13,1.98,0.30,0.04,0.03,132.00,2013-11-18 00:00:00,2023-11-15 00:00:00
COST,2.03,1.06,0.97,0.41,0.02,0.05,0.25,0.14,0.11,0.23,0.01,0.00,148.00,2013-11-18 00:00:00,2023-11-16 00:00:00
BLK,2.39,0.93,1.46,0.40,0.03,0.06,1.14,0.36,0.79,0.30,0.02,0.00,142.00,2013-11-18 00:00:00,2023-11-16 00:00:00
DOV,1.64,0.81,0.83,0.39,0.02,0.05,0.48,0.08,0.40,0.30,0.01,-0.01,139.00,2013-11-18 00:00:00,2023-11-16 00:00:00
TSLA,5.19,1.88,3.30,0.39,0.06,0.15,0.37,0.11,0.26,0.22,0.04,0.03,141.00,2013-11-18 00:00:00,2023-11-16 00:00:00
KVUE,0.11,0.00,0.11,0.39,0.02,0.05,0.36,0.00,0.36,0.79,0.04,-0.01,6.00,2023-05-04 00:00:00,2023-11-16 00:00:00
BKR,3.07,1.24,1.83,0.38,0.04,0.09,2.71,1.70,1.01,0.36,0.03,0.00,136.00,2013-11-18 00:00:00,2023-11-16 00:00:00
CHTR,2.51,1.08,1.43,0.38,0.03,0.07,0.92,-0.46,1.38,0.27,0.02,0.01,140.00,2013-11-18 00:00:00,2023-11-16 00:00:00
TGT,2.55,1.24,1.31,0.38,0.03,0.07,1.38,0.42,0.96,0.30,0.02,0.00,144.00,2013-11-18 00:00:00,2023-11-16 00:00:00
LDOS,2.05,1.25,0.80,0.38,0.02,0.06,0.77,0.28,0.48,0.29,0.02,-0.01,134.00,2013-11-18 00:00:00,2023-11-16 00:00:00
PWR,2.69,1.15,1.54,0.38,0.03,0.07,0.34,0.59,-0.26,0.23,0.02,0.00,148.00,2013-11-18 00:00:00,2023-11-16 00:00:00
LINK-USD,7.59,3.95,3.64,0.37,0.09,0.25,-1.60,-0.55,-1.05,0.18,0.05,0.03,122.00,2017-11-09 00:00:00,2023-11-15 00:00:00
WAT,1.96,1.03,0.93,0.37,0.02,0.06,0.65,0.05,0.59,0.26,0.02,0.00,133.00,2013-11-18 00:00:00,2023-11-15 00:00:00
ZBRA,2.75,1.47,1.28,0.37,0.03,0.08,0.54,-0.56,1.10,0.26,0.02,0.01,142.00,2013-11-18 00:00:00,2023-11-16 00:00:00
ROL,1.85,1.00,0.85,0.37,0.02,0.06,-0.03,-0.07,0.04,0.20,0.01,0.00,142.00,2013-11-18 00:00:00,2023-11-16 00:00:00
ADM,1.84,0.95,0.90,0.37,0.02,0.05,0.89,0.73,0.16,0.30,0.01,0.00,149.00,2013-11-18 00:00:00,2023-11-16 00:00:00
STX,2.93,1.96,0.96,0.37,0.03,0.09,1.62,1.37,0.25,0.30,0.03,0.00,142.00,2013-11-18 00:00:00,2023-11-16 00:00:00
ISRG,2.11,0.96,1.15,0.36,0.02,0.07,-0.34,-0.77,0.44,0.20,0.01,0.00,139.00,2013-11-18 00:00:00,2023-11-16 00:00:00
FFIV,2.20,1.22,0.97,0.36,0.02,0.07,1.13,0.51,0.62,0.29,0.02,0.00,138.00,2013-11-18 00:00:00,2023-11-16 00:00:00
MRNA,2.96,0.82,2.14,0.36,0.06,0.17,0.34,0.73,-0.39,0.22,0.04,0.02,73.00,2018-12-07 00:00:00,2023-11-16 00:00:00
KHC,1.43,0.59,0.83,0.36,0.02,0.06,1.79,1.34,0.46,0.39,0.03,0.00,104.00,2015-07-06 00:00:00,2023-11-16 00:00:00
EW,2.42,1.72,0.69,0.36,0.03,0.08,0.08,-0.51,0.59,0.21,0.02,0.01,140.00,2013-11-18 00:00:00,2023-11-16 00:00:00
ITW,1.63,0.85,0.78,0.36,0.02,0.05,0.24,0.00,0.25,0.24,0.01,-0.01,144.00,2013-11-18 00:00:00,2023-11-16 00:00:00
XYL,2.29,0.95,1.34,0.36,0.02,0.06,0.84,0.01,0.83,0.25,0.02,0.01,142.00,2013-11-18 00:00:00,2023-11-16 00:00:00
BXP,2.11,0.73,1.38,0.35,0.02,0.06,2.24,0.45,1.79,0.36,0.02,0.00,139.00,2013-11-18 00:00:00,2023-11-16 00:00:00
XRP-USD,7.46,2.77,4.69,0.35,0.10,0.27,2.13,1.14,0.99,0.24,0.07,0.07,117.00,2017-11-09 00:00:00,2023-11-15 00:00:00
ES,1.50,0.62,0.88,0.35,0.01,0.04,0.92,-0.07,0.99,0.30,0.01,-0.01,147.00,2013-11-18 00:00:00,2023-11-15 00:00:00
LKQ,1.76,1.11,0.65,0.35,0.02,0.06,0.90,0.86,0.04,0.30,0.02,-0.01,138.00,2013-11-18 00:00:00,2023-11-16 00:00:00
MPC,3.32,1.13,2.18,0.35,0.04,0.10,1.13,0.48,0.65,0.24,0.03,0.01,141.00,2013-11-18 00:00:00,2023-11-16 00:00:00
CMG,3.13,1.78,1.35,0.35,0.03,0.09,1.16,1.04,0.12,0.24,0.02,0.02,144.00,2013-11-18 00:00:00,2023-11-16 00:00:00
LTC-USD,7.85,5.25,2.60,0.35,0.06,0.18,0.23,-0.02,0.25,0.22,0.04,0.01,179.00,2014-09-17 00:00:00,2023-11-15 00:00:00
PFE,1.60,0.86,0.75,0.35,0.02,0.05,1.32,0.66,0.67,0.32,0.02,0.00,143.00,2013-11-18 00:00:00,2023-11-16 00:00:00
AXON,3.93,2.89,1.04,0.35,0.04,0.12,0.20,0.79,-0.59,0.20,0.03,0.02,144.00,2013-11-18 00:00:00,2023-11-16 00:00:00
ALLE,1.61,1.15,0.46,0.35,0.02,0.05,0.50,0.14,0.35,0.26,0.01,-0.01,139.00,2013-11-18 00:00:00,2023-11-16 00:00:00
HD,1.71,0.95,0.75,0.35,0.02,0.06,0.05,-0.09,0.14,0.20,0.01,0.00,136.00,2013-11-18 00:00:00,2023-11-16 00:00:00
SWKS,2.55,1.51,1.04,0.35,0.02,0.07,0.52,-0.35,0.88,0.24,0.02,0.00,148.00,2013-11-18 00:00:00,2023-11-16 00:00:00
DXCM,2.79,1.53,1.26,0.35,0.03,0.10,-0.89,-1.06,0.16,0.19,0.02,0.00,135.00,2013-11-18 00:00:00,2023-11-16 00:00:00
WAB,2.29,1.50,0.79,0.35,0.02,0.07,1.27,1.16,0.11,0.28,0.02,0.00,143.00,2013-11-18 00:00:00,2023-11-16 00:00:00
CMI,1.54,0.92,0.61,0.34,0.02,0.05,0.63,0.52,0.10,0.28,0.01,-0.01,143.00,2013-11-18 00:00:00,2023-11-16 00:00:00
EL,1.77,0.87,0.90,0.34,0.02,0.05,0.82,-0.28,1.10,0.28,0.01,-0.01,140.00,2013-11-18 00:00:00,2023-11-16 00:00:00
PANW,2.59,1.51,1.09,0.34,0.03,0.09,-0.98,-0.53,-0.45,0.14,0.01,0.00,131.00,2013-11-18 00:00:00,2023-11-15 00:00:00
GM,2.45,0.78,1.67,0.34,0.03,0.08,2.15,0.63,1.52,0.32,0.02,0.00,140.00,2013-11-18 00:00:00,2023-11-16 00:00:00
EFX,1.82,0.64,1.18,0.34,0.02,0.05,0.32,-0.24,0.56,0.23,0.01,0.00,152.00,2013-11-18 00:00:00,2023-11-16 00:00:00
AKAM,2.41,1.73,0.67,0.34,0.02,0.07,1.02,0.78,0.23,0.25,0.02,0.00,148.00,2013-11-18 00:00:00,2023-11-16 00:00:00
MCO,1.81,0.73,1.08,0.34,0.02,0.06,-0.11,-0.54,0.42,0.20,0.01,0.00,146.00,2013-11-18 00:00:00,2023-11-16 00:00:00
COO,1.73,1.09,0.64,0.34,0.02,0.06,0.41,0.02,0.39,0.23,0.01,0.00,134.00,2013-11-18 00:00:00,2023-11-16 00:00:00
FMC,2.15,1.36,0.79,0.34,0.02,0.06,1.84,0.77,1.07,0.32,0.02,0.00,152.00,2013-11-18 00:00:00,2023-11-16 00:00:00
BRK-B,1.28,0.43,0.85,0.34,0.01,0.04,-0.03,-0.31,0.28,0.20,0.01,0.00,146.00,2013-11-18 00:00:00,2023-11-16 00:00:00
NKE,1.88,1.02,0.86,0.34,0.02,0.06,0.47,-0.05,0.52,0.23,0.01,0.00,141.00,2013-11-18 00:00:00,2023-11-15 00:00:00
WTW,1.18,0.54,0.64,0.34,0.01,0.04,0.18,-0.05,0.23,0.25,0.01,-0.01,132.00,2013-11-18 00:00:00,2023-11-16 00:00:00
IR,1.96,0.53,1.43,0.34,0.03,0.09,0.35,-0.17,0.53,0.19,0.02,0.01,91.00,2017-05-12 00:00:00,2023-11-16 00:00:00
NVDA,3.07,1.81,1.26,0.33,0.03,0.10,-2.81,-1.37,-1.44,0.07,0.01,0.01,137.00,2013-11-18 00:00:00,2023-11-15 00:00:00
PODD,3.26,1.77,1.50,0.33,0.03,0.10,0.76,-0.29,1.06,0.21,0.02,0.01,134.00,2013-11-18 00:00:00,2023-11-16 00:00:00
MSCI,2.28,1.07,1.20,0.33,0.02,0.07,-0.66,-0.83,0.17,0.13,0.01,0.01,150.00,2013-11-18 00:00:00,2023-11-16 00:00:00
BA,2.88,1.27,1.60,0.33,0.03,0.09,1.70,0.24,1.46,0.27,0.03,0.01,135.00,2013-11-18 00:00:00,2023-11-16 00:00:00
WMT,1.49,0.99,0.51,0.33,0.02,0.05,0.58,0.51,0.06,0.25,0.01,0.00,141.00,2013-11-18 00:00:00,2023-11-16 00:00:00
CZR,2.90,1.27,1.63,0.33,0.04,0.11,-1.06,-1.67,0.61,0.17,0.02,-0.02,116.00,2014-09-22 00:00:00,2023-11-16 00:00:00
CBRE,2.43,1.61,0.82,0.33,0.02,0.07,0.68,0.44,0.24,0.22,0.01,0.00,155.00,2013-11-18 00:00:00,2023-11-15 00:00:00
ALB,3.43,1.01,2.42,0.33,0.03,0.10,2.00,0.68,1.33,0.26,0.03,0.01,153.00,2013-11-18 00:00:00,2023-11-16 00:00:00
J,1.59,1.16,0.44,0.33,0.02,0.05,0.46,0.66,-0.20,0.24,0.01,-0.01,140.00,2013-11-18 00:00:00,2023-11-16 00:00:00
LLY,1.93,0.77,1.16,0.33,0.02,0.06,-0.89,-0.28,-0.61,0.11,0.01,0.01,138.00,2013-11-18 00:00:00,2023-11-16 00:00:00
AZO,1.70,1.07,0.63,0.33,0.02,0.06,-0.37,-0.02,-0.35,0.15,0.01,0.00,131.00,2013-11-18 00:00:00,2023-11-16 00:00:00
PH,2.08,0.86,1.22,0.33,0.02,0.06,0.31,0.18,0.13,0.21,0.01,0.00,149.00,2013-11-18 00:00:00,2023-11-16 00:00:00
CAT,1.39,0.79,0.60,0.33,0.02,0.05,-0.16,0.08,-0.24,0.22,0.01,-0.01,130.00,2013-11-18 00:00:00,2023-11-16 00:00:00
DG,2.10,0.93,1.17,0.33,0.02,0.08,1.03,-0.19,1.22,0.24,0.02,0.02,136.00,2013-11-18 00:00:00,2023-11-16 00:00:00
CPRT,2.11,0.84,1.27,0.33,0.02,0.07,-0.74,-1.02,0.28,0.08,0.01,0.01,130.00,2013-11-18 00:00:00,2023-11-16 00:00:00
DOW,1.30,0.26,1.04,0.33,0.03,0.10,0.94,0.34,0.61,0.29,0.03,0.01,64.00,2019-03-20 00:00:00,2023-11-16 00:00:00
CRL,2.28,1.04,1.23,0.33,0.02,0.07,0.47,-0.23,0.70,0.21,0.02,0.00,145.00,2013-11-18 00:00:00,2023-11-16 00:00:00
FDX,2.08,0.90,1.18,0.32,0.02,0.06,1.00,0.69,0.31,0.25,0.02,0.00,142.00,2013-11-18 00:00:00,2023-11-16 00:00:00
WYNN,3.29,1.96,1.33,0.32,0.03,0.09,2.72,1.58,1.13,0.30,0.03,0.00,148.00,2013-11-18 00:00:00,2023-11-16 00:00:00
SYY,1.14,0.68,0.45,0.32,0.01,0.04,-0.07,-0.27,0.21,0.24,0.01,-0.02,129.00,2013-11-18 00:00:00,2023-11-16 00:00:00
CARR,0.93,0.00,0.93,0.32,0.03,0.08,-0.84,0.00,-0.84,0.07,0.00,-0.01,50.00,2020-03-19 00:00:00,2023-11-16 00:00:00
ETR,1.51,0.61,0.90,0.32,0.01,0.05,0.72,-0.04,0.76,0.26,0.01,-0.01,148.00,2013-11-18 00:00:00,2023-11-16 00:00:00
EPAM,2.58,0.85,1.73,0.32,0.03,0.09,-0.43,-1.27,0.84,0.18,0.01,-0.01,138.00,2013-11-18 00:00:00,2023-11-16 00:00:00
HES,2.55,1.54,1.01,0.32,0.03,0.08,1.04,1.40,-0.36,0.25,0.02,-0.01,145.00,2013-11-18 00:00:00,2023-11-16 00:00:00
SNPS,1.67,0.96,0.71,0.32,0.02,0.06,-1.40,-0.50,-0.90,0.10,0.01,0.00,134.00,2013-11-18 00:00:00,2023-11-16 00:00:00
ALK,2.87,1.58,1.29,0.32,0.03,0.09,2.13,0.74,1.39,0.28,0.03,0.01,142.00,2013-11-18 00:00:00,2023-11-16 00:00:00
XOM,1.70,0.85,0.86,0.32,0.02,0.05,1.18,1.19,0.00,0.29,0.02,0.00,144.00,2013-11-18 00:00:00,2023-11-16 00:00:00
MCHP,2.15,1.17,0.98,0.32,0.02,0.07,0.13,0.07,0.06,0.21,0.01,0.00,151.00,2013-11-18 00:00:00,2023-11-16 00:00:00
TEL,1.78,0.98,0.80,0.32,0.02,0.05,0.49,0.29,0.21,0.22,0.01,0.00,154.00,2013-11-18 00:00:00,2023-11-16 00:00:00
RF,1.82,1.22,0.60,0.32,0.02,0.06,0.65,0.55,0.10,0.25,0.01,-0.02,144.00,2013-11-18 00:00:00,2023-11-16 00:00:00
GPC,1.51,0.61,0.90,0.32,0.02,0.05,0.64,0.32,0.32,0.25,0.01,0.00,142.00,2013-11-18 00:00:00,2023-11-16 00:00:00
MS,2.35,1.28,1.07,0.32,0.02,0.08,0.88,0.66,0.22,0.22,0.02,0.01,143.00,2013-11-18 00:00:00,2023-11-16 00:00:00
APA,2.74,1.13,1.60,0.32,0.03,0.10,1.89,1.96,-0.07,0.29,0.03,-0.02,136.00,2013-11-18 00:00:00,2023-11-15 00:00:00
BAC,1.67,0.81,0.86,0.32,0.02,0.06,0.50,-0.16,0.66,0.24,0.01,-0.01,143.00,2013-11-18 00:00:00,2023-11-16 00:00:00
MCD,1.14,0.67,0.47,0.32,0.01,0.04,-0.13,-0.07,-0.06,0.19,0.01,0.00,137.00,2013-11-18 00:00:00,2023-11-16 00:00:00
EXR,1.55,0.87,0.69,0.32,0.02,0.05,0.03,-0.08,0.12,0.20,0.01,-0.01,140.00,2013-11-18 00:00:00,2023-11-16 00:00:00
FICO,2.18,1.38,0.80,0.32,0.02,0.07,-1.29,-0.70,-0.59,0.10,0.01,-0.01,150.00,2013-11-18 00:00:00,2023-11-16 00:00:00
FSLR,3.49,2.06,1.43,0.32,0.03,0.11,1.49,1.63,-0.14,0.23,0.03,0.01,144.00,2013-11-18 00:00:00,2023-11-16 00:00:00
NDAQ,1.43,0.52,0.91,0.31,0.01,0.05,-0.33,-0.60,0.27,0.17,0.01,0.00,144.00,2013-11-18 00:00:00,2023-11-16 00:00:00
F,2.36,0.35,2.01,0.31,0.03,0.08,2.18,0.84,1.34,0.30,0.03,0.01,139.00,2013-11-18 00:00:00,2023-11-16 00:00:00
LH,1.54,0.79,0.75,0.31,0.02,0.05,0.35,0.22,0.13,0.22,0.01,0.00,138.00,2013-11-18 00:00:00,2023-11-16 00:00:00
RVTY,1.51,0.36,1.15,0.31,0.02,0.05,0.30,-0.71,1.01,0.22,0.01,-0.01,146.00,2013-11-18 00:00:00,2023-11-16 00:00:00
FCX,4.06,2.52,1.54,0.31,0.04,0.13,2.64,2.72,-0.08,0.26,0.03,0.02,152.00,2013-11-18 00:00:00,2023-11-16 00:00:00
ETSY,3.91,2.02,1.88,0.31,0.05,0.15,1.53,0.91,0.62,0.21,0.03,0.02,121.00,2015-04-16 00:00:00,2023-11-16 00:00:00
CDW,1.82,1.63,0.20,0.31,0.02,0.06,-0.89,-0.40,-0.49,0.11,0.01,0.00,140.00,2013-11-18 00:00:00,2023-11-16 00:00:00
SEDG,3.65,1.48,2.17,0.31,0.04,0.14,0.52,-0.88,1.39,0.20,0.03,0.01,121.00,2015-03-26 00:00:00,2023-11-16 00:00:00
MTD,1.59,1.17,0.43,0.31,0.02,0.06,-0.21,-0.14,-0.07,0.16,0.01,0.00,131.00,2013-11-18 00:00:00,2023-11-16 00:00:00
GE,2.12,1.34,0.79,0.31,0.02,0.07,1.86,1.96,-0.10,0.29,0.02,0.00,142.00,2013-11-18 00:00:00,2023-11-16 00:00:00
LOW,1.85,0.94,0.91,0.31,0.02,0.06,0.05,-0.01,0.07,0.18,0.01,0.00,145.00,2013-11-18 00:00:00,2023-11-16 00:00:00
SRE,1.03,0.32,0.71,0.30,0.01,0.04,0.14,-0.19,0.33,0.24,0.01,-0.02,133.00,2013-11-18 00:00:00,2023-11-16 00:00:00
AMGN,1.56,1.04,0.53,0.30,0.02,0.05,0.39,0.22,0.17,0.21,0.01,0.00,148.00,2013-11-18 00:00:00,2023-11-16 00:00:00
AOS,1.85,1.40,0.45,0.30,0.02,0.06,0.45,0.74,-0.28,0.21,0.01,0.01,148.00,2013-11-18 00:00:00,2023-11-16 00:00:00
FOXA,0.87,0.17,0.70,0.30,0.02,0.06,0.82,0.22,0.60,0.30,0.02,-0.01,65.00,2019-03-12 00:00:00,2023-11-16 00:00:00
RCL,3.38,0.81,2.56,0.30,0.03,0.11,1.18,-0.58,1.75,0.21,0.02,0.00,145.00,2013-11-18 00:00:00,2023-11-16 00:00:00
DGX,1.59,0.73,0.85,0.30,0.02,0.05,0.51,0.13,0.38,0.21,0.01,0.00,139.00,2013-11-18 00:00:00,2023-11-16 00:00:00
ICE,1.78,0.47,1.32,0.30,0.02,0.06,0.51,-0.43,0.93,0.19,0.01,0.01,149.00,2013-11-18 00:00:00,2023-11-16 00:00:00
PNR,1.93,0.74,1.19,0.30,0.02,0.06,1.21,0.64,0.57,0.25,0.01,0.00,150.00,2013-11-18 00:00:00,2023-11-16 00:00:00
PTC,2.02,1.45,0.58,0.30,0.02,0.06,-0.06,0.35,-0.41,0.16,0.01,0.00,151.00,2013-11-18 00:00:00,2023-11-16 00:00:00
COP,2.07,0.93,1.14,0.30,0.02,0.07,0.88,0.89,-0.01,0.24,0.02,-0.01,145.00,2013-11-18 00:00:00,2023-11-16 00:00:00
CB,1.60,0.52,1.08,0.30,0.02,0.05,0.50,0.04,0.46,0.20,0.01,0.00,147.00,2013-11-18 00:00:00,2023-11-16 00:00:00
TRGP,2.93,2.05,0.88,0.30,0.03,0.10,1.22,2.09,-0.87,0.23,0.02,-0.01,144.00,2013-11-18 00:00:00,2023-11-16 00:00:00
CMS,1.03,0.60,0.44,0.30,0.01,0.04,0.04,-0.23,0.27,0.21,0.01,-0.01,137.00,2013-11-18 00:00:00,2023-11-16 00:00:00
PM,1.70,1.25,0.45,0.30,0.02,0.06,1.34,1.30,0.04,0.27,0.01,0.00,146.00,2013-11-18 00:00:00,2023-11-16 00:00:00
LULU,2.39,0.73,1.66,0.29,0.02,0.08,-0.22,-0.94,0.72,0.16,0.01,0.00,140.00,2013-11-18 00:00:00,2023-11-16 00:00:00
ABBV,1.73,0.57,1.16,0.29,0.02,0.06,0.26,-0.16,0.42,0.18,0.01,0.00,133.00,2013-11-18 00:00:00,2023-11-16 00:00:00
ANSS,1.67,1.09,0.57,0.29,0.02,0.06,-0.02,-0.17,0.14,0.18,0.01,0.00,144.00,2013-11-18 00:00:00,2023-11-16 00:00:00
JKHY,1.25,0.42,0.83,0.29,0.01,0.05,0.00,-0.56,0.56,0.18,0.01,0.00,139.00,2013-11-18 00:00:00,2023-11-16 00:00:00
FTV,1.24,0.43,0.81,0.29,0.02,0.06,0.49,-0.06,0.55,0.21,0.01,0.00,100.00,2016-07-05 00:00:00,2023-11-16 00:00:00
HII,1.62,0.84,0.78,0.29,0.02,0.06,0.15,-0.42,0.58,0.18,0.01,0.00,134.00,2013-11-18 00:00:00,2023-11-16 00:00:00
ETN,1.75,0.63,1.12,0.29,0.02,0.06,0.20,0.26,-0.07,0.18,0.01,0.00,155.00,2013-11-18 00:00:00,2023-11-16 00:00:00
DPZ,2.12,0.68,1.44,0.29,0.02,0.08,0.00,-0.93,0.93,0.14,0.01,0.02,143.00,2013-11-18 00:00:00,2023-11-16 00:00:00
FITB,1.48,0.80,0.68,0.28,0.02,0.05,0.49,0.29,0.20,0.23,0.01,-0.02,143.00,2013-11-18 00:00:00,2023-11-16 00:00:00
RTX,1.43,0.75,0.69,0.28,0.01,0.05,0.90,0.39,0.50,0.24,0.01,-0.01,139.00,2013-11-18 00:00:00,2023-11-16 00:00:00
ED,1.14,0.58,0.56,0.28,0.01,0.04,0.41,0.14,0.27,0.22,0.01,-0.01,146.00,2013-11-18 00:00:00,2023-11-15 00:00:00
BG,2.00,1.27,0.72,0.28,0.02,0.07,1.25,1.49,-0.24,0.23,0.02,0.01,141.00,2013-11-18 00:00:00,2023-11-16 00:00:00
EQT,2.89,2.12,0.77,0.28,0.03,0.10,1.89,3.18,-1.29,0.24,0.02,0.00,142.00,2013-11-18 00:00:00,2023-11-16 00:00:00
TRMB,2.65,1.33,1.32,0.28,0.03,0.10,1.79,0.82,0.97,0.23,0.02,0.03,144.00,2013-11-18 00:00:00,2023-11-16 00:00:00
ROP,1.36,0.87,0.49,0.28,0.01,0.05,-0.31,-0.25,-0.07,0.13,0.01,0.00,149.00,2013-11-18 00:00:00,2023-11-16 00:00:00
BBY,2.73,1.91,0.82,0.28,0.03,0.09,1.53,0.88,0.65,0.22,0.02,0.01,142.00,2013-11-18 00:00:00,2023-11-16 00:00:00
AAL,2.77,1.26,1.51,0.28,0.03,0.10,2.20,0.69,1.51,0.26,0.03,0.00,144.00,2013-11-18 00:00:00,2023-11-16 00:00:00
APTV,2.06,0.64,1.42,0.28,0.02,0.07,0.81,-0.26,1.08,0.22,0.02,0.00,150.00,2013-11-18 00:00:00,2023-11-15 00:00:00
AMZN,1.81,1.08,0.73,0.28,0.02,0.07,-0.78,-0.79,0.02,0.12,0.01,0.00,142.00,2013-11-18 00:00:00,2023-11-16 00:00:00
VLO,2.83,0.85,1.98,0.28,0.03,0.11,0.94,-0.07,1.01,0.18,0.02,0.02,141.00,2013-11-18 00:00:00,2023-11-16 00:00:00
MMC,1.08,0.31,0.77,0.28,0.01,0.04,-0.57,-0.58,0.01,0.12,0.00,0.00,148.00,2013-11-18 00:00:00,2023-11-16 00:00:00
PEAK,1.39,0.94,0.45,0.28,0.01,0.05,1.64,0.92,0.72,0.29,0.01,-0.01,148.00,2013-11-18 00:00:00,2023-11-16 00:00:00
GLW,1.42,0.84,0.58,0.28,0.02,0.06,0.46,0.20,0.26,0.21,0.01,-0.01,138.00,2013-11-18 00:00:00,2023-11-16 00:00:00
WEC,1.09,0.64,0.45,0.28,0.01,0.04,0.13,-0.15,0.28,0.19,0.01,-0.01,139.00,2013-11-18 00:00:00,2023-11-16 00:00:00
CVS,1.46,0.78,0.68,0.28,0.01,0.05,1.08,0.58,0.50,0.25,0.01,0.00,149.00,2013-11-18 00:00:00,2023-11-16 00:00:00
NWS,1.84,0.91,0.93,0.28,0.02,0.06,1.19,0.99,0.20,0.23,0.01,0.00,145.00,2013-11-18 00:00:00,2023-11-16 00:00:00
ON,2.99,1.93,1.06,0.28,0.03,0.10,-0.43,0.28,-0.71,0.13,0.01,0.01,151.00,2013-11-18 00:00:00,2023-11-15 00:00:00
STE,1.21,0.65,0.56,0.28,0.01,0.04,-0.62,-0.67,0.05,0.13,0.00,-0.01,149.00,2013-11-18 00:00:00,2023-11-16 00:00:00
KR,2.01,1.64,0.37,0.28,0.02,0.07,0.85,1.17,-0.32,0.20,0.01,0.01,159.00,2013-11-18 00:00:00,2023-11-15 00:00:00
WFC,1.56,0.86,0.70,0.27,0.01,0.05,1.09,0.59,0.50,0.25,0.01,0.00,153.00,2013-11-18 00:00:00,2023-11-16 00:00:00
MOH,1.67,1.19,0.48,0.27,0.02,0.06,-1.45,-0.68,-0.77,0.11,0.01,-0.01,149.00,2013-11-18 00:00:00,2023-11-16 00:00:00
TYL,1.82,1.14,0.69,0.27,0.02,0.06,-0.07,-0.19,0.13,0.15,0.01,0.01,150.00,2013-11-18 00:00:00,2023-11-16 00:00:00
ROST,1.71,0.88,0.82,0.27,0.02,0.06,0.12,-0.30,0.43,0.17,0.01,0.00,143.00,2013-11-18 00:00:00,2023-11-16 00:00:00
AJG,1.09,0.59,0.51,0.27,0.01,0.04,-0.78,-0.15,-0.63,0.10,0.00,0.00,144.00,2013-11-18 00:00:00,2023-11-16 00:00:00
IRM,1.64,0.76,0.88,0.27,0.01,0.05,0.27,0.51,-0.24,0.19,0.01,-0.01,152.00,2013-11-18 00:00:00,2023-11-16 00:00:00
VRSK,1.26,0.56,0.70,0.27,0.01,0.05,-0.32,-0.37,0.05,0.12,0.01,0.00,138.00,2013-11-18 00:00:00,2023-11-16 00:00:00
TDG,1.51,0.95,0.56,0.27,0.01,0.05,-1.01,-0.61,-0.41,0.12,0.00,-0.02,142.00,2013-11-18 00:00:00,2023-11-16 00:00:00
PSX,1.87,0.76,1.11,0.27,0.02,0.06,0.71,0.20,0.51,0.21,0.01,-0.01,152.00,2013-11-18 00:00:00,2023-11-16 00:00:00
TFX,1.44,0.62,0.82,0.27,0.02,0.06,0.23,-0.88,1.12,0.18,0.01,0.00,141.00,2013-11-18 00:00:00,2023-11-16 00:00:00
SLB,1.91,1.60,0.31,0.27,0.02,0.08,1.66,2.29,-0.62,0.26,0.02,-0.01,138.00,2013-11-18 00:00:00,2023-11-15 00:00:00
NRG,2.03,0.96,1.06,0.27,0.02,0.07,0.72,0.28,0.45,0.20,0.01,0.00,146.00,2013-11-18 00:00:00,2023-11-16 00:00:00
STLD,2.44,1.39,1.05,0.27,0.02,0.08,-0.10,0.54,-0.64,0.13,0.01,0.00,147.00,2013-11-18 00:00:00,2023-11-16 00:00:00
FDS,1.13,0.59,0.54,0.27,0.01,0.05,-0.60,-0.38,-0.23,0.13,0.00,-0.01,141.00,2013-11-18 00:00:00,2023-11-16 00:00:00
UAL,2.68,1.14,1.53,0.27,0.03,0.11,1.40,-0.09,1.49,0.21,0.02,0.00,137.00,2013-11-18 00:00:00,2023-11-16 00:00:00
KMX,1.98,0.79,1.19,0.27,0.02,0.07,1.03,-0.02,1.06,0.21,0.02,0.00,149.00,2013-11-18 00:00:00,2023-11-16 00:00:00
AIG,1.80,0.66,1.14,0.27,0.02,0.07,1.00,0.58,0.43,0.22,0.01,0.00,146.00,2013-11-18 00:00:00,2023-11-16 00:00:00
VTR,1.54,1.00,0.55,0.27,0.02,0.07,1.24,1.09,0.16,0.25,0.02,-0.01,139.00,2013-11-18 00:00:00,2023-11-16 00:00:00
EVRG,1.05,0.57,0.48,0.27,0.01,0.04,0.28,-0.12,0.40,0.20,0.01,-0.01,136.00,2013-11-18 00:00:00,2023-11-16 00:00:00
MPWR,1.95,0.90,1.04,0.27,0.02,0.07,-1.70,-1.03,-0.66,0.08,0.00,-0.01,148.00,2013-11-18 00:00:00,2023-11-16 00:00:00
TER,1.66,1.04,0.61,0.26,0.02,0.07,-0.72,-0.61,-0.11,0.14,0.01,0.00,141.00,2013-11-18 00:00:00,2023-11-16 00:00:00
PRU,1.65,1.05,0.60,0.26,0.02,0.06,0.99,0.94,0.06,0.22,0.01,-0.01,151.00,2013-11-18 00:00:00,2023-11-16 00:00:00
TMO,1.21,0.35,0.85,0.26,0.01,0.05,-0.63,-0.93,0.30,0.12,0.01,0.00,152.00,2013-11-18 00:00:00,2023-11-16 00:00:00
PARA,1.47,0.92,0.55,0.26,0.02,0.07,2.08,1.21,0.87,0.29,0.02,-0.02,133.00,2013-11-18 00:00:00,2023-11-16 00:00:00
ADSK,2.04,1.21,0.83,0.26,0.02,0.07,-0.20,-0.53,0.33,0.14,0.01,0.00,152.00,2013-11-18 00:00:00,2023-11-16 00:00:00
MRO,3.03,2.02,1.00,0.26,0.03,0.11,1.97,2.45,-0.48,0.22,0.03,0.01,148.00,2013-11-18 00:00:00,2023-11-16 00:00:00
BWA,2.05,1.09,0.96,0.26,0.02,0.07,1.78,1.06,0.72,0.24,0.02,0.00,148.00,2013-11-18 00:00:00,2023-11-16 00:00:00
INCY,2.50,1.76,0.74,0.26,0.02,0.09,1.63,0.60,1.03,0.21,0.02,0.01,139.00,2013-11-18 00:00:00,2023-11-16 00:00:00
PFG,1.48,0.79,0.69,0.26,0.01,0.06,0.53,0.59,-0.06,0.21,0.01,-0.01,148.00,2013-11-18 00:00:00,2023-11-16 00:00:00
YUM,1.30,0.54,0.76,0.26,0.01,0.05,0.11,-0.19,0.30,0.16,0.01,0.00,138.00,2013-11-18 00:00:00,2023-11-16 00:00:00
SHW,1.30,0.73,0.57,0.26,0.01,0.06,-0.51,-0.52,0.01,0.13,0.01,0.01,146.00,2013-11-18 00:00:00,2023-11-16 00:00:00
NWSA,1.77,0.81,0.96,0.26,0.02,0.06,1.14,0.89,0.26,0.22,0.01,0.00,146.00,2013-11-18 00:00:00,2023-11-16 00:00:00
CVX,1.61,0.28,1.33,0.26,0.01,0.05,0.95,0.24,0.71,0.22,0.01,-0.01,157.00,2013-11-18 00:00:00,2023-11-16 00:00:00
MMM,1.28,0.80,0.48,0.26,0.01,0.05,1.27,0.49,0.78,0.26,0.01,0.00,145.00,2013-11-18 00:00:00,2023-11-16 00:00:00
VZ,0.88,0.42,0.46,0.26,0.01,0.03,0.94,0.25,0.69,0.26,0.01,-0.01,145.00,2013-11-18 00:00:00,2023-11-16 00:00:00
ADBE,1.43,0.98,0.45,0.26,0.01,0.05,-1.45,-0.99,-0.46,0.08,0.00,-0.01,145.00,2013-11-18 00:00:00,2023-11-16 00:00:00
IDXX,1.83,0.80,1.03,0.26,0.02,0.07,-0.80,-1.00,0.19,0.09,0.01,0.01,144.00,2013-11-18 00:00:00,2023-11-16 00:00:00
IBM,1.22,0.96,0.27,0.26,0.01,0.04,1.02,1.27,-0.25,0.24,0.01,-0.01,148.00,2013-11-18 00:00:00,2023-11-16 00:00:00
MKTX,1.81,0.84,0.97,0.26,0.02,0.07,0.10,-1.06,1.16,0.15,0.01,0.01,143.00,2013-11-18 00:00:00,2023-11-16 00:00:00
TROW,1.54,0.83,0.70,0.26,0.01,0.06,0.88,0.37,0.51,0.21,0.01,0.00,157.00,2013-11-18 00:00:00,2023-11-16 00:00:00
NFLX,2.81,1.98,0.84,0.26,0.03,0.12,-0.43,-0.41,-0.02,0.10,0.02,0.03,140.00,2013-11-18 00:00:00,2023-11-16 00:00:00
AMD,3.20,2.42,0.78,0.26,0.03,0.12,-1.97,-1.22,-0.75,0.08,0.01,0.01,142.00,2013-11-18 00:00:00,2023-11-16 00:00:00
BX,1.69,0.82,0.87,0.25,0.02,0.07,-0.35,-0.07,-0.27,0.14,0.01,-0.01,144.00,2013-11-18 00:00:00,2023-11-16 00:00:00
DRI,1.64,1.05,0.59,0.25,0.02,0.06,-0.20,0.13,-0.33,0.15,0.01,-0.01,142.00,2013-11-18 00:00:00,2023-11-16 00:00:00
HCA,1.93,0.53,1.39,0.25,0.02,0.08,-0.30,-0.84,0.55,0.11,0.01,0.01,138.00,2013-11-18 00:00:00,2023-11-16 00:00:00
GWW,1.66,0.86,0.80,0.25,0.02,0.06,0.14,0.43,-0.29,0.14,0.01,0.01,146.00,2013-11-18 00:00:00,2023-11-16 00:00:00
IT,1.85,0.68,1.17,0.25,0.02,0.07,-0.46,-0.36,-0.09,0.09,0.01,0.01,155.00,2013-11-18 00:00:00,2023-11-16 00:00:00
PKG,1.48,0.82,0.66,0.25,0.01,0.06,0.12,0.10,0.02,0.16,0.01,0.00,143.00,2013-11-18 00:00:00,2023-11-16 00:00:00
MGM,2.40,0.76,1.65,0.25,0.02,0.09,0.65,-0.08,0.73,0.18,0.02,0.00,146.00,2013-11-18 00:00:00,2023-11-15 00:00:00
JBHT,1.46,0.95,0.51,0.25,0.01,0.06,0.24,0.39,-0.15,0.15,0.01,0.00,141.00,2013-11-18 00:00:00,2023-11-16 00:00:00
GPN,1.54,0.88,0.66,0.25,0.01,0.06,-0.22,-1.02,0.80,0.14,0.01,0.00,153.00,2013-11-18 00:00:00,2023-11-16 00:00:00
DD,1.95,0.69,1.26,0.25,0.02,0.07,1.25,0.41,0.84,0.20,0.02,0.01,149.00,2013-11-18 00:00:00,2023-11-16 00:00:00
CSX,1.42,1.27,0.15,0.25,0.01,0.05,-0.22,0.12,-0.34,0.13,0.01,-0.01,154.00,2013-11-18 00:00:00,2023-11-15 00:00:00
FLT,1.62,0.75,0.86,0.25,0.02,0.06,0.46,-0.35,0.80,0.18,0.01,0.00,147.00,2013-11-18 00:00:00,2023-11-16 00:00:00
O,0.95,0.78,0.18,0.25,0.01,0.05,0.22,0.16,0.06,0.19,0.01,-0.01,132.00,2013-11-18 00:00:00,2023-11-16 00:00:00
DVN,2.38,1.51,0.86,0.25,0.02,0.09,1.31,2.03,-0.72,0.21,0.02,-0.01,152.00,2013-11-18 00:00:00,2023-11-16 00:00:00
ELV,1.69,1.44,0.24,0.25,0.02,0.06,-0.37,0.10,-0.47,0.11,0.01,0.01,151.00,2013-11-18 00:00:00,2023-11-16 00:00:00
META,1.78,0.68,1.10,0.25,0.02,0.07,-0.86,-1.04,0.18,0.12,0.01,0.00,152.00,2013-11-18 00:00:00,2023-11-15 00:00:00
HSIC,1.37,0.56,0.81,0.25,0.01,0.05,0.62,0.02,0.59,0.19,0.01,0.00,150.00,2013-11-18 00:00:00,2023-11-16 00:00:00
ZION,2.02,1.23,0.79,0.25,0.02,0.08,1.08,0.57,0.51,0.20,0.02,0.00,146.00,2013-11-18 00:00:00,2023-11-15 00:00:00
KMI,1.18,0.60,0.58,0.25,0.01,0.05,1.32,1.01,0.30,0.25,0.01,-0.02,150.00,2013-11-18 00:00:00,2023-11-15 00:00:00
WBA,1.49,0.66,0.83,0.25,0.02,0.07,2.07,0.64,1.43,0.29,0.02,0.00,140.00,2013-11-18 00:00:00,2023-11-16 00:00:00
ANET,2.27,1.90,0.38,0.25,0.02,0.09,-1.38,0.04,-1.42,0.08,0.01,0.01,143.00,2014-06-06 00:00:00,2023-11-16 00:00:00
ALL,1.06,0.76,0.30,0.25,0.01,0.05,-0.15,0.03,-0.17,0.14,0.01,-0.01,137.00,2013-11-18 00:00:00,2023-11-16 00:00:00
WM,0.86,0.36,0.50,0.25,0.01,0.04,-0.67,-0.59,-0.08,0.09,0.00,0.00,144.00,2013-11-18 00:00:00,2023-11-16 00:00:00
DVA,1.88,1.16,0.72,0.25,0.02,0.07,0.92,0.73,0.19,0.19,0.01,0.01,153.00,2013-11-18 00:00:00,2023-11-16 00:00:00
CNP,1.09,0.58,0.51,0.25,0.01,0.04,0.57,0.44,0.14,0.21,0.01,-0.02,150.00,2013-11-18 00:00:00,2023-11-16 00:00:00
NEE,1.23,0.38,0.85,0.25,0.01,0.05,-0.01,-0.65,0.64,0.14,0.01,0.00,153.00,2013-11-18 00:00:00,2023-11-16 00:00:00
PCAR,1.37,0.74,0.64,0.24,0.01,0.05,0.13,0.30,-0.17,0.15,0.01,0.00,142.00,2013-11-18 00:00:00,2023-11-16 00:00:00
CTAS,1.05,0.48,0.57,0.24,0.01,0.05,-1.61,-1.20,-0.41,0.04,0.00,-0.01,145.00,2013-11-18 00:00:00,2023-11-16 00:00:00
DFS,1.59,0.68,0.91,0.24,0.02,0.07,0.39,0.12,0.27,0.18,0.01,-0.01,143.00,2013-11-18 00:00:00,2023-11-16 00:00:00
AVGO,1.97,1.20,0.77,0.24,0.02,0.07,-1.74,-1.00,-0.75,0.04,0.00,0.00,161.00,2013-11-18 00:00:00,2023-11-16 00:00:00
GD,1.07,0.45,0.62,0.24,0.01,0.04,-0.22,-0.26,0.05,0.13,0.01,0.00,148.00,2013-11-18 00:00:00,2023-11-16 00:00:00
MAS,1.62,0.87,0.75,0.24,0.02,0.06,0.05,-0.22,0.26,0.13,0.01,0.00,146.00,2013-11-18 00:00:00,2023-11-16 00:00:00
CRM,1.91,0.58,1.33,0.24,0.02,0.08,-0.03,-0.72,0.70,0.13,0.01,0.01,143.00,2013-11-18 00:00:00,2023-11-16 00:00:00
KDP,1.18,0.71,0.47,0.24,0.01,0.05,0.17,0.00,0.17,0.19,0.01,-0.02,146.00,2013-11-18 00:00:00,2023-11-16 00:00:00
MAA,1.09,0.74,0.36,0.24,0.01,0.05,0.09,-0.04,0.12,0.16,0.01,-0.01,143.00,2013-11-18 00:00:00,2023-11-16 00:00:00
CAH,1.41,0.52,0.89,0.24,0.01,0.06,0.50,0.64,-0.15,0.18,0.01,0.00,150.00,2013-11-18 00:00:00,2023-11-16 00:00:00
ILMN,1.86,1.26,0.60,0.24,0.02,0.08,0.93,-0.46,1.39,0.20,0.02,-0.01,146.00,2013-11-18 00:00:00,2023-11-15 00:00:00
WMB,1.57,1.45,0.12,0.24,0.02,0.08,0.57,1.37,-0.80,0.19,0.01,-0.01,135.00,2013-11-18 00:00:00,2023-11-16 00:00:00
LEN,1.83,1.04,0.79,0.24,0.02,0.08,-0.13,0.38,-0.50,0.12,0.01,0.00,139.00,2013-11-18 00:00:00,2023-11-16 00:00:00
IQV,1.44,0.44,1.00,0.24,0.01,0.06,-0.50,-0.98,0.48,0.11,0.01,0.00,141.00,2013-11-18 00:00:00,2023-11-16 00:00:00
ACN,1.20,0.43,0.77,0.24,0.01,0.05,-0.54,-0.62,0.09,0.09,0.00,0.00,145.00,2013-11-18 00:00:00,2023-11-16 00:00:00
ACGL,1.26,0.54,0.72,0.24,0.01,0.05,-0.53,-0.33,-0.21,0.10,0.01,0.00,151.00,2013-11-18 00:00:00,2023-11-16 00:00:00
IVZ,1.98,1.18,0.80,0.24,0.02,0.07,2.11,1.70,0.41,0.24,0.02,0.00,152.00,2013-11-18 00:00:00,2023-11-16 00:00:00
INTU,1.50,0.66,0.85,0.24,0.01,0.06,-0.99,-0.75,-0.24,0.08,0.00,0.00,156.00,2013-11-18 00:00:00,2023-11-16 00:00:00
TAP,1.21,0.45,0.76,0.24,0.01,0.05,0.70,0.33,0.37,0.20,0.01,-0.01,142.00,2013-11-18 00:00:00,2023-11-16 00:00:00
ODFL,1.65,1.18,0.48,0.24,0.02,0.07,-1.27,-0.33,-0.94,0.03,0.00,0.01,146.00,2013-11-18 00:00:00,2023-11-16 00:00:00
WY,1.42,1.09,0.33,0.24,0.01,0.06,0.80,1.02,-0.23,0.20,0.01,-0.01,149.00,2013-11-18 00:00:00,2023-11-16 00:00:00
UNP,1.10,0.59,0.52,0.24,0.01,0.05,-0.25,-0.33,0.08,0.13,0.01,-0.01,147.00,2013-11-18 00:00:00,2023-11-16 00:00:00
AON,1.01,0.31,0.70,0.24,0.01,0.04,-0.66,-0.69,0.03,0.09,0.00,0.00,145.00,2013-11-18 00:00:00,2023-11-16 00:00:00
BEN,1.36,0.63,0.73,0.24,0.01,0.06,1.59,1.29,0.30,0.25,0.01,-0.01,148.00,2013-11-18 00:00:00,2023-11-16 00:00:00
PCG,2.98,2.42,0.56,0.24,0.03,0.12,2.06,2.40,-0.34,0.21,0.03,0.01,145.00,2013-11-18 00:00:00,2023-11-16 00:00:00
STZ,1.56,0.74,0.82,0.24,0.02,0.07,0.00,-0.37,0.37,0.11,0.01,0.01,143.00,2013-11-18 00:00:00,2023-11-16 00:00:00
AVY,1.50,1.02,0.48,0.24,0.01,0.06,-0.23,-0.06,-0.17,0.12,0.01,0.00,154.00,2013-11-18 00:00:00,2023-11-16 00:00:00
JCI,1.29,0.40,0.89,0.24,0.01,0.05,0.62,0.25,0.37,0.19,0.01,0.00,148.00,2013-11-18 00:00:00,2023-11-16 00:00:00
TTWO,1.66,0.99,0.67,0.24,0.01,0.06,-1.11,-1.28,0.17,0.08,0.00,-0.01,151.00,2013-11-18 00:00:00,2023-11-16 00:00:00
TDY,1.18,0.70,0.48,0.24,0.01,0.05,-0.66,-0.79,0.14,0.10,0.01,0.00,143.00,2013-11-18 00:00:00,2023-11-16 00:00:00
IFF,1.39,0.80,0.60,0.23,0.01,0.06,1.14,0.35,0.79,0.22,0.01,0.00,149.00,2013-11-18 00:00:00,2023-11-16 00:00:00
MLM,1.76,1.29,0.47,0.23,0.02,0.08,-0.25,0.08,-0.33,0.11,0.01,0.01,140.00,2013-11-18 00:00:00,2023-11-16 00:00:00
PLD,1.25,0.58,0.67,0.23,0.01,0.05,-0.15,-0.30,0.15,0.13,0.01,0.00,153.00,2013-11-18 00:00:00,2023-11-16 00:00:00
VRSN,1.16,0.91,0.25,0.23,0.01,0.05,-0.50,-0.49,-0.02,0.10,0.00,0.00,137.00,2013-11-18 00:00:00,2023-11-16 00:00:00
MOS,1.84,0.75,1.10,0.23,0.02,0.09,1.18,1.27,-0.09,0.20,0.02,0.00,146.00,2013-11-18 00:00:00,2023-11-16 00:00:00
ZBH,1.40,0.90,0.49,0.23,0.01,0.06,0.79,0.28,0.51,0.19,0.01,0.00,144.00,2013-11-18 00:00:00,2023-11-16 00:00:00
HUM,1.11,0.66,0.45,0.23,0.01,0.05,-1.00,-0.84,-0.16,0.09,0.00,-0.01,145.00,2013-11-18 00:00:00,2023-11-16 00:00:00
WELL,1.11,1.11,0.00,0.23,0.01,0.05,0.15,0.74,-0.60,0.17,0.01,-0.02,143.00,2013-11-18 00:00:00,2023-11-16 00:00:00
EXC,1.22,0.75,0.47,0.23,0.01,0.05,0.18,0.24,-0.06,0.15,0.01,0.00,143.00,2013-11-18 00:00:00,2023-11-16 00:00:00
XEL,0.93,0.61,0.32,0.23,0.01,0.04,-0.08,-0.20,0.12,0.14,0.01,0.00,139.00,2013-11-18 00:00:00,2023-11-16 00:00:00
AWK,1.13,0.46,0.67,0.23,0.01,0.05,-0.25,-0.62,0.36,0.11,0.01,0.00,148.00,2013-11-18 00:00:00,2023-11-16 00:00:00
QCOM,1.77,1.27,0.50,0.23,0.02,0.07,0.53,0.85,-0.32,0.16,0.01,0.00,149.00,2013-11-18 00:00:00,2023-11-16 00:00:00
MO,1.06,0.65,0.42,0.23,0.01,0.05,0.60,0.42,0.18,0.19,0.01,0.00,140.00,2013-11-18 00:00:00,2023-11-15 00:00:00
AMP,1.63,0.94,0.69,0.23,0.02,0.07,-0.13,0.34,-0.47,0.13,0.01,0.00,148.00,2013-11-18 00:00:00,2023-11-16 00:00:00
PAYX,1.05,0.53,0.52,0.23,0.01,0.05,-0.26,-0.16,-0.10,0.13,0.01,0.00,138.00,2013-11-18 00:00:00,2023-11-16 00:00:00
RHI,1.55,0.72,0.84,0.23,0.02,0.07,0.35,0.08,0.27,0.15,0.01,0.00,143.00,2013-11-18 00:00:00,2023-11-16 00:00:00
SEE,1.60,0.73,0.88,0.23,0.02,0.07,1.08,0.37,0.71,0.19,0.01,0.01,144.00,2013-11-18 00:00:00,2023-11-16 00:00:00
TT,1.45,0.55,0.90,0.23,0.01,0.06,-0.59,-0.43,-0.16,0.08,0.00,0.00,158.00,2013-11-18 00:00:00,2023-11-16 00:00:00
CINF,1.40,0.65,0.76,0.23,0.01,0.06,0.29,-0.11,0.40,0.15,0.01,0.00,147.00,2013-11-18 00:00:00,2023-11-16 00:00:00
SYF,1.73,0.66,1.07,0.23,0.02,0.07,0.81,0.11,0.70,0.17,0.01,0.00,135.00,2014-07-31 00:00:00,2023-11-16 00:00:00
OXY,3.42,0.85,2.57,0.23,0.03,0.13,2.62,1.48,1.13,0.19,0.03,0.03,156.00,2013-11-18 00:00:00,2023-11-16 00:00:00
MSI,1.03,0.62,0.42,0.23,0.01,0.04,-0.86,-0.37,-0.49,0.08,0.00,-0.01,150.00,2013-11-18 00:00:00,2023-11-16 00:00:00
HAS,1.99,1.14,0.85,0.23,0.02,0.09,1.59,0.33,1.26,0.20,0.02,0.02,141.00,2013-11-18 00:00:00,2023-11-16 00:00:00
OKE,1.65,1.06,0.59,0.23,0.02,0.07,0.32,0.48,-0.16,0.17,0.01,-0.01,147.00,2013-11-18 00:00:00,2023-11-16 00:00:00
UPS,0.99,0.50,0.49,0.22,0.01,0.04,0.28,0.33,-0.05,0.17,0.01,-0.01,146.00,2013-11-18 00:00:00,2023-11-16 00:00:00
C,1.53,0.74,0.79,0.22,0.01,0.06,1.11,0.24,0.88,0.20,0.01,0.00,154.00,2013-11-18 00:00:00,2023-11-16 00:00:00
WDC,2.11,1.79,0.32,0.22,0.02,0.09,1.62,1.51,0.11,0.20,0.02,0.01,142.00,2013-11-18 00:00:00,2023-11-16 00:00:00
SCHW,1.87,0.87,1.00,0.22,0.02,0.08,0.46,0.01,0.46,0.14,0.01,0.01,146.00,2013-11-18 00:00:00,2023-11-16 00:00:00
JPM,1.10,0.76,0.34,0.22,0.01,0.05,-0.29,-0.20,-0.09,0.12,0.01,-0.01,148.00,2013-11-18 00:00:00,2023-11-16 00:00:00
NTRS,1.29,0.83,0.45,0.22,0.01,0.05,0.56,0.15,0.41,0.17,0.01,-0.01,160.00,2013-11-18 00:00:00,2023-11-16 00:00:00
SOL-USD,1.89,0.00,1.89,0.22,0.05,0.21,-5.99,0.00,-5.99,-0.04,-0.01,-0.02,70.00,2020-04-10 00:00:00,2023-11-15 00:00:00
FTNT,1.92,1.77,0.15,0.22,0.02,0.08,-1.37,-0.22,-1.15,0.05,0.00,0.00,143.00,2013-11-18 00:00:00,2023-11-16 00:00:00
AXP,1.13,0.69,0.44,0.22,0.01,0.05,0.02,0.21,-0.19,0.15,0.01,-0.01,150.00,2013-11-18 00:00:00,2023-11-16 00:00:00
EOG,1.86,0.68,1.18,0.22,0.02,0.08,0.68,0.57,0.11,0.16,0.01,0.00,155.00,2013-11-18 00:00:00,2023-11-16 00:00:00
BBWI,2.65,0.79,1.86,0.22,0.02,0.11,1.93,1.65,0.28,0.19,0.02,0.01,149.00,2013-11-18 00:00:00,2023-11-16 00:00:00
NSC,1.15,0.58,0.57,0.22,0.01,0.05,-0.12,-0.35,0.23,0.13,0.01,0.00,142.00,2013-11-18 00:00:00,2023-11-16 00:00:00
ROK,1.86,0.57,1.29,0.22,0.02,0.07,0.54,-0.14,0.68,0.13,0.01,0.02,155.00,2013-11-18 00:00:00,2023-11-16 00:00:00
PEG,0.82,0.15,0.68,0.22,0.01,0.04,-0.10,-0.43,0.33,0.15,0.00,-0.01,147.00,2013-11-18 00:00:00,2023-11-16 00:00:00
HBAN,1.59,0.87,0.72,0.22,0.01,0.07,0.78,0.31,0.48,0.17,0.01,0.00,148.00,2013-11-18 00:00:00,2023-11-16 00:00:00
QRVO,2.03,1.81,0.22,0.22,0.02,0.10,0.91,0.86,0.05,0.16,0.02,0.01,135.00,2015-01-02 00:00:00,2023-11-16 00:00:00
SPG,1.53,0.71,0.83,0.22,0.02,0.07,0.96,0.70,0.26,0.19,0.01,-0.01,148.00,2013-11-18 00:00:00,2023-11-16 00:00:00
CTLT,1.66,1.11,0.55,0.22,0.02,0.09,0.16,-0.21,0.37,0.14,0.01,0.00,134.00,2014-07-31 00:00:00,2023-11-16 00:00:00
V,1.07,0.85,0.22,0.22,0.01,0.05,-0.83,-0.56,-0.26,0.07,0.00,0.00,151.00,2013-11-18 00:00:00,2023-11-16 00:00:00
WRK,1.57,1.00,0.57,0.22,0.02,0.08,1.36,1.15,0.21,0.20,0.02,0.00,129.00,2015-06-24 00:00:00,2023-11-16 00:00:00
APH,0.98,0.95,0.03,0.22,0.01,0.05,-0.74,-0.07,-0.68,0.07,0.00,0.00,148.00,2013-11-18 00:00:00,2023-11-16 00:00:00
CHD,1.11,0.48,0.64,0.22,0.01,0.05,-0.14,-0.34,0.20,0.09,0.01,0.01,148.00,2013-11-18 00:00:00,2023-11-16 00:00:00
EBAY,1.74,0.80,0.94,0.22,0.02,0.08,0.70,0.16,0.54,0.15,0.01,0.02,144.00,2013-11-18 00:00:00,2023-11-16 00:00:00
LW,0.84,0.53,0.32,0.22,0.01,0.05,-0.63,-0.49,-0.14,0.08,0.00,-0.01,101.00,2016-11-10 00:00:00,2023-11-16 00:00:00
NCLH,2.09,0.55,1.54,0.21,0.02,0.10,1.21,-0.29,1.50,0.19,0.02,-0.02,145.00,2013-11-18 00:00:00,2023-11-16 00:00:00
KLAC,1.71,1.10,0.60,0.21,0.02,0.07,-1.21,-0.20,-1.01,0.07,0.00,0.00,154.00,2013-11-18 00:00:00,2023-11-16 00:00:00
HOLX,1.38,0.34,1.04,0.21,0.01,0.06,-0.23,-0.72,0.50,0.10,0.01,0.01,146.00,2013-11-18 00:00:00,2023-11-16 00:00:00
MNST,1.73,1.48,0.25,0.21,0.02,0.08,-0.45,0.01,-0.45,0.06,0.01,0.02,139.00,2013-11-18 00:00:00,2023-11-16 00:00:00
TRV,1.05,0.83,0.22,0.21,0.01,0.05,0.09,0.37,-0.28,0.14,0.01,0.00,149.00,2013-11-18 00:00:00,2023-11-16 00:00:00
ABT,0.97,0.48,0.49,0.21,0.01,0.04,-0.29,-0.42,0.12,0.11,0.00,0.00,150.00,2013-11-18 00:00:00,2023-11-16 00:00:00
MTCH,1.94,0.95,1.00,0.21,0.02,0.08,0.25,-1.18,1.44,0.14,0.01,-0.01,151.00,2013-11-18 00:00:00,2023-11-16 00:00:00
POOL,1.14,0.33,0.81,0.21,0.01,0.06,-1.14,-1.13,-0.01,0.05,0.00,0.00,133.00,2013-11-18 00:00:00,2023-11-16 00:00:00
RJF,1.31,1.05,0.27,0.21,0.01,0.06,-0.36,0.27,-0.63,0.10,0.01,0.00,143.00,2013-11-18 00:00:00,2023-11-16 00:00:00
HPE,0.98,0.76,0.22,0.21,0.01,0.06,0.01,0.25,-0.24,0.14,0.01,-0.01,121.00,2015-10-19 00:00:00,2023-11-15 00:00:00
CE,1.24,0.96,0.29,0.21,0.01,0.06,-0.08,0.06,-0.14,0.13,0.01,-0.01,156.00,2013-11-18 00:00:00,2023-11-16 00:00:00
PYPL,1.38,0.18,1.21,0.21,0.02,0.08,0.35,-1.05,1.40,0.14,0.01,0.00,120.00,2015-07-06 00:00:00,2023-11-16 00:00:00
BDX,0.91,0.37,0.53,0.21,0.01,0.04,-0.14,-0.60,0.47,0.11,0.00,0.00,146.00,2013-11-18 00:00:00,2023-11-16 00:00:00
BKNG,1.18,0.79,0.39,0.21,0.01,0.06,-0.35,-0.01,-0.34,0.11,0.01,-0.01,149.00,2013-11-18 00:00:00,2023-11-16 00:00:00
DUK,0.84,0.21,0.63,0.21,0.01,0.04,0.33,-0.03,0.35,0.16,0.01,-0.01,149.00,2013-11-18 00:00:00,2023-11-16 00:00:00
WHR,1.35,0.65,0.70,0.21,0.01,0.07,1.00,0.53,0.47,0.19,0.01,-0.01,145.00,2013-11-18 00:00:00,2023-11-16 00:00:00
TECH,1.19,0.03,1.15,0.21,0.01,0.06,-0.25,-1.03,0.78,0.10,0.01,0.00,139.00,2013-11-18 00:00:00,2023-11-16 00:00:00
JNJ,0.64,0.34,0.30,0.21,0.01,0.03,-0.02,-0.11,0.09,0.14,0.00,-0.01,141.00,2013-11-18 00:00:00,2023-11-15 00:00:00
NEM,1.55,0.66,0.89,0.21,0.02,0.07,0.59,-0.08,0.67,0.15,0.01,0.00,141.00,2013-11-18 00:00:00,2023-11-16 00:00:00
TSN,1.13,0.37,0.75,0.21,0.01,0.06,0.21,-0.86,1.07,0.15,0.01,0.00,135.00,2013-11-18 00:00:00,2023-11-16 00:00:00
CPT,0.92,0.45,0.47,0.21,0.01,0.04,0.17,-0.16,0.33,0.15,0.01,-0.01,139.00,2013-11-18 00:00:00,2023-11-15 00:00:00
ORLY,1.29,0.54,0.75,0.21,0.01,0.06,-1.11,-0.89,-0.21,0.02,0.00,0.01,137.00,2013-11-18 00:00:00,2023-11-16 00:00:00
FANG,2.61,0.53,2.08,0.21,0.02,0.11,0.23,-0.33,0.56,0.11,0.01,0.01,152.00,2013-11-18 00:00:00,2023-11-16 00:00:00
DTE,0.76,0.28,0.48,0.21,0.01,0.04,-0.10,-0.35,0.25,0.14,0.00,-0.01,143.00,2013-11-18 00:00:00,2023-11-16 00:00:00
NXPI,1.51,1.47,0.04,0.20,0.01,0.07,-0.84,0.04,-0.88,0.09,0.01,-0.01,150.00,2013-11-18 00:00:00,2023-11-16 00:00:00
TPR,2.38,0.54,1.84,0.20,0.02,0.11,2.04,0.97,1.07,0.19,0.02,0.02,143.00,2013-11-18 00:00:00,2023-11-16 00:00:00
KMB,0.90,0.42,0.48,0.20,0.01,0.04,0.50,0.12,0.38,0.17,0.01,0.00,138.00,2013-11-18 00:00:00,2023-11-16 00:00:00
MAR,1.49,1.18,0.31,0.20,0.01,0.07,-0.50,-0.13,-0.37,0.08,0.01,0.01,147.00,2013-11-18 00:00:00,2023-11-16 00:00:00
CMCSA,1.08,0.54,0.54,0.20,0.01,0.05,0.19,-0.15,0.34,0.13,0.01,0.00,150.00,2013-11-18 00:00:00,2023-11-16 00:00:00
SWK,1.14,0.66,0.48,0.20,0.01,0.05,0.51,-0.12,0.64,0.17,0.01,-0.01,152.00,2013-11-18 00:00:00,2023-11-16 00:00:00
BMY,1.14,0.63,0.51,0.20,0.01,0.06,0.83,0.32,0.50,0.18,0.01,0.00,143.00,2013-11-18 00:00:00,2023-11-15 00:00:00
CDNS,1.16,0.81,0.35,0.20,0.01,0.06,-2.35,-1.06,-1.28,-0.02,0.00,0.00,137.00,2013-11-18 00:00:00,2023-11-16 00:00:00
IEX,1.02,0.87,0.15,0.20,0.01,0.05,-0.26,-0.08,-0.18,0.09,0.00,0.00,152.00,2013-11-18 00:00:00,2023-11-16 00:00:00
SO,0.84,0.32,0.52,0.20,0.01,0.04,0.03,-0.09,0.11,0.13,0.00,-0.01,149.00,2013-11-18 00:00:00,2023-11-16 00:00:00
CI,1.17,0.86,0.31,0.20,0.01,0.05,-0.48,-0.18,-0.30,0.09,0.00,-0.01,161.00,2013-11-18 00:00:00,2023-11-16 00:00:00
NTAP,1.55,1.79,-0.24,0.20,0.02,0.08,0.35,1.18,-0.83,0.13,0.01,0.02,145.00,2013-11-18 00:00:00,2023-11-16 00:00:00
RL,2.02,1.55,0.47,0.20,0.02,0.09,1.68,1.71,-0.03,0.18,0.02,0.01,156.00,2013-11-18 00:00:00,2023-11-16 00:00:00
ADI,1.20,1.19,0.01,0.20,0.01,0.06,-0.55,0.18,-0.73,0.09,0.00,-0.01,149.00,2013-11-18 00:00:00,2023-11-16 00:00:00
NUE,1.56,0.68,0.87,0.20,0.01,0.07,-0.12,0.47,-0.59,0.10,0.01,0.00,155.00,2013-11-18 00:00:00,2023-11-16 00:00:00
RMD,1.22,0.98,0.23,0.20,0.01,0.06,-0.33,-0.31,-0.02,0.10,0.01,0.00,154.00,2013-11-18 00:00:00,2023-11-16 00:00:00
RSG,0.74,0.17,0.56,0.20,0.01,0.04,-0.96,-0.78,-0.18,0.02,0.00,0.00,147.00,2013-11-18 00:00:00,2023-11-16 00:00:00
STT,1.56,0.83,0.73,0.20,0.01,0.07,1.01,0.62,0.40,0.17,0.01,0.00,159.00,2013-11-18 00:00:00,2023-11-16 00:00:00
DHR,1.27,0.45,0.81,0.20,0.01,0.05,-0.42,-0.63,0.20,0.05,0.00,0.01,153.00,2013-11-18 00:00:00,2023-11-15 00:00:00
SBUX,0.98,0.84,0.14,0.20,0.01,0.05,-0.35,0.00,-0.35,0.10,0.00,-0.01,150.00,2013-11-18 00:00:00,2023-11-16 00:00:00
CAG,1.16,0.50,0.66,0.20,0.01,0.06,0.71,0.11,0.59,0.17,0.01,0.01,142.00,2013-11-18 00:00:00,2023-11-16 00:00:00
LYB,1.66,0.81,0.86,0.20,0.01,0.07,0.76,0.53,0.23,0.15,0.01,0.00,160.00,2013-11-18 00:00:00,2023-11-16 00:00:00
BRO,0.81,0.16,0.64,0.20,0.01,0.04,-0.96,-0.80,-0.17,0.05,0.00,0.00,145.00,2013-11-18 00:00:00,2023-11-16 00:00:00
XRAY,1.20,0.71,0.49,0.20,0.01,0.06,1.27,0.44,0.83,0.20,0.01,0.00,155.00,2013-11-18 00:00:00,2023-11-16 00:00:00
CMA,1.14,0.82,0.32,0.19,0.01,0.06,0.31,0.29,0.02,0.15,0.01,-0.02,141.00,2013-11-18 00:00:00,2023-11-16 00:00:00
HPQ,1.37,1.14,0.23,0.19,0.01,0.07,-0.14,0.38,-0.52,0.10,0.01,0.00,145.00,2013-11-18 00:00:00,2023-11-16 00:00:00
EMN,1.23,0.70,0.53,0.19,0.01,0.05,0.71,0.60,0.11,0.16,0.01,-0.01,158.00,2013-11-18 00:00:00,2023-11-16 00:00:00
TSCO,1.42,1.31,0.10,0.19,0.01,0.07,-0.01,0.92,-0.93,0.09,0.01,0.01,141.00,2013-11-18 00:00:00,2023-11-16 00:00:00
CNC,1.41,1.29,0.13,0.19,0.01,0.07,-0.81,-0.52,-0.29,0.06,0.00,0.00,142.00,2013-11-18 00:00:00,2023-11-16 00:00:00
BIO,1.13,0.34,0.79,0.19,0.01,0.06,-0.20,-0.93,0.73,0.10,0.01,0.00,140.00,2013-11-18 00:00:00,2023-11-16 00:00:00
BSX,1.22,1.33,-0.11,0.19,0.01,0.06,-0.68,-0.20,-0.48,0.05,0.00,0.00,138.00,2013-11-18 00:00:00,2023-11-16 00:00:00
PNW,0.83,0.31,0.52,0.19,0.01,0.04,0.24,-0.15,0.39,0.14,0.01,-0.01,139.00,2013-11-18 00:00:00,2023-11-16 00:00:00
ABNB,0.72,0.00,0.72,0.19,0.02,0.11,0.43,0.00,0.43,0.16,0.02,0.00,45.00,2020-12-10 00:00:00,2023-11-16 00:00:00
CFG,1.19,0.65,0.53,0.19,0.01,0.07,0.27,0.00,0.27,0.14,0.01,-0.01,130.00,2014-09-24 00:00:00,2023-11-16 00:00:00
EMR,1.19,0.73,0.46,0.19,0.01,0.06,0.54,0.54,0.00,0.14,0.01,0.00,158.00,2013-11-18 00:00:00,2023-11-16 00:00:00
INTC,1.34,1.06,0.28,0.19,0.01,0.06,0.28,0.05,0.22,0.13,0.01,0.00,157.00,2013-11-18 00:00:00,2023-11-15 00:00:00
DLTR,1.01,0.46,0.55,0.19,0.01,0.06,-0.15,-0.22,0.06,0.12,0.01,0.00,135.00,2013-11-18 00:00:00,2023-11-16 00:00:00
LMT,0.92,0.51,0.41,0.19,0.01,0.05,-0.53,-0.56,0.03,0.07,0.00,0.00,148.00,2013-11-18 00:00:00,2023-11-16 00:00:00
BALL,1.00,0.47,0.52,0.19,0.01,0.05,-0.10,-0.57,0.47,0.11,0.00,-0.01,161.00,2013-11-18 00:00:00,2023-11-16 00:00:00
HSY,0.64,0.45,0.19,0.19,0.01,0.04,-0.30,-0.01,-0.29,0.10,0.00,-0.01,137.00,2013-11-18 00:00:00,2023-11-16 00:00:00
AVB,0.77,0.22,0.55,0.19,0.01,0.04,0.08,-0.34,0.42,0.13,0.00,-0.01,145.00,2013-11-18 00:00:00,2023-11-16 00:00:00
CTSH,1.09,0.67,0.42,0.19,0.01,0.05,0.31,0.27,0.03,0.13,0.01,-0.01,156.00,2013-11-18 00:00:00,2023-11-16 00:00:00
TXN,1.03,0.81,0.22,0.19,0.01,0.05,-0.65,-0.39,-0.26,0.07,0.00,-0.01,148.00,2013-11-18 00:00:00,2023-11-16 00:00:00
AFL,0.82,0.11,0.70,0.19,0.01,0.04,-0.41,-0.35,-0.06,0.10,0.00,-0.01,148.00,2013-11-18 00:00:00,2023-11-16 00:00:00
DLR,1.03,0.34,0.69,0.18,0.01,0.06,-0.45,-0.65,0.21,0.08,0.01,0.00,141.00,2013-11-18 00:00:00,2023-11-16 00:00:00
KIM,1.20,0.58,0.62,0.18,0.01,0.06,0.68,0.52,0.16,0.16,0.01,-0.01,148.00,2013-11-18 00:00:00,2023-11-16 00:00:00
GEN,1.07,0.38,0.69,0.18,0.01,0.05,0.36,0.28,0.08,0.15,0.01,-0.02,147.00,2013-11-18 00:00:00,2023-11-16 00:00:00
GS,1.10,0.92,0.18,0.18,0.01,0.06,-0.02,0.50,-0.52,0.10,0.01,0.00,149.00,2013-11-18 00:00:00,2023-11-16 00:00:00
GOOGL,1.12,0.60,0.52,0.18,0.01,0.05,-0.92,-0.51,-0.41,0.04,0.00,0.00,164.00,2013-11-18 00:00:00,2023-11-16 00:00:00
MA,0.90,0.42,0.48,0.18,0.01,0.05,-1.13,-1.09,-0.05,0.04,0.00,0.00,149.00,2013-11-18 00:00:00,2023-11-16 00:00:00
HWM,1.11,0.78,0.34,0.18,0.02,0.09,-0.37,0.25,-0.62,0.08,0.01,0.00,100.00,2016-11-01 00:00:00,2023-11-16 00:00:00
FAST,0.98,0.56,0.42,0.18,0.01,0.06,-0.34,-0.01,-0.33,0.08,0.00,0.00,137.00,2013-11-18 00:00:00,2023-11-16 00:00:00
PAYC,2.03,1.45,0.58,0.18,0.02,0.11,-1.36,-1.77,0.41,0.04,0.01,0.02,145.00,2014-04-15 00:00:00,2023-11-16 00:00:00
SBAC,1.13,0.67,0.46,0.18,0.01,0.06,-0.19,-0.42,0.23,0.08,0.01,0.00,147.00,2013-11-18 00:00:00,2023-11-16 00:00:00
KEYS,1.15,0.75,0.40,0.18,0.01,0.07,-0.83,-0.76,-0.08,0.03,0.00,0.01,128.00,2014-10-20 00:00:00,2023-11-16 00:00:00
COF,1.42,0.83,0.59,0.18,0.01,0.07,0.39,0.34,0.05,0.12,0.01,0.00,152.00,2013-11-18 00:00:00,2023-11-16 00:00:00
ORCL,0.80,0.30,0.50,0.18,0.01,0.04,-0.75,-0.19,-0.55,0.07,0.00,-0.01,155.00,2013-11-18 00:00:00,2023-11-16 00:00:00
AEP,0.66,0.38,0.28,0.18,0.01,0.04,-0.08,-0.29,0.21,0.11,0.00,-0.01,141.00,2013-11-18 00:00:00,2023-11-16 00:00:00
EA,1.24,0.68,0.56,0.18,0.01,0.06,-0.92,-1.10,0.18,0.03,0.00,0.00,147.00,2013-11-18 00:00:00,2023-11-16 00:00:00
ADP,0.91,0.59,0.32,0.18,0.01,0.05,-0.61,-0.38,-0.23,0.06,0.00,0.00,140.00,2013-11-18 00:00:00,2023-11-16 00:00:00
LNT,0.82,0.32,0.50,0.18,0.01,0.04,-0.06,-0.40,0.34,0.10,0.00,-0.01,157.00,2013-11-18 00:00:00,2023-11-16 00:00:00
MET,0.97,0.17,0.80,0.18,0.01,0.05,0.17,-0.01,0.18,0.13,0.01,-0.01,145.00,2013-11-18 00:00:00,2023-11-16 00:00:00
GL,0.98,0.68,0.30,0.18,0.01,0.05,-0.17,-0.11,-0.06,0.08,0.00,0.00,152.00,2013-11-18 00:00:00,2023-11-16 00:00:00
GRMN,1.15,0.81,0.34,0.18,0.01,0.05,-0.17,-0.05,-0.12,0.09,0.01,0.00,160.00,2013-11-18 00:00:00,2023-11-16 00:00:00
AME,0.80,0.31,0.49,0.17,0.01,0.04,-0.62,-0.49,-0.14,0.06,0.00,0.00,150.00,2013-11-18 00:00:00,2023-11-16 00:00:00
DE,1.03,0.37,0.67,0.17,0.01,0.06,-0.92,-0.51,-0.41,0.04,0.00,0.00,142.00,2013-11-18 00:00:00,2023-11-16 00:00:00
IP,1.13,0.84,0.30,0.17,0.01,0.06,0.89,0.75,0.14,0.16,0.01,0.00,150.00,2013-11-18 00:00:00,2023-11-16 00:00:00
PSA,0.75,0.38,0.38,0.17,0.01,0.05,-0.04,0.10,-0.14,0.10,0.00,0.00,136.00,2013-11-18 00:00:00,2023-11-16 00:00:00
DAL,1.38,0.43,0.95,0.17,0.01,0.08,0.34,-0.54,0.89,0.12,0.01,0.00,146.00,2013-11-18 00:00:00,2023-11-16 00:00:00
MKC,0.95,0.25,0.70,0.17,0.01,0.05,0.06,-0.69,0.74,0.09,0.01,0.01,145.00,2013-11-18 00:00:00,2023-11-16 00:00:00
EXPE,1.52,0.38,1.14,0.17,0.01,0.08,-0.10,-0.50,0.40,0.09,0.01,0.00,147.00,2013-11-18 00:00:00,2023-11-16 00:00:00
PGR,0.73,0.55,0.18,0.17,0.01,0.05,-1.34,-0.47,-0.88,-0.01,0.00,-0.01,140.00,2013-11-18 00:00:00,2023-11-16 00:00:00
VTRS,1.39,0.63,0.75,0.17,0.01,0.08,2.19,1.02,1.16,0.21,0.02,0.01,140.00,2013-11-18 00:00:00,2023-11-16 00:00:00
CSCO,0.92,0.31,0.61,0.17,0.01,0.05,-0.22,-0.56,0.33,0.08,0.00,0.00,155.00,2013-11-18 00:00:00,2023-11-16 00:00:00
MU,1.63,1.89,-0.27,0.16,0.02,0.10,-0.77,0.28,-1.06,0.06,0.01,0.01,143.00,2013-11-18 00:00:00,2023-11-16 00:00:00
LYV,1.35,0.85,0.50,0.16,0.01,0.07,-0.97,-0.76,-0.21,0.05,0.00,0.00,156.00,2013-11-18 00:00:00,2023-11-16 00:00:00
FRT,1.00,0.44,0.56,0.16,0.01,0.05,0.69,0.28,0.41,0.14,0.01,0.00,152.00,2013-11-18 00:00:00,2023-11-16 00:00:00
MSFT,0.88,0.45,0.42,0.16,0.01,0.05,-1.82,-1.12,-0.69,-0.03,0.00,-0.01,151.00,2013-11-18 00:00:00,2023-11-16 00:00:00
CEG,0.31,0.00,0.31,0.16,0.02,0.11,-1.00,0.00,-1.00,-0.25,-0.02,0.02,24.00,2022-01-19 00:00:00,2023-11-15 00:00:00
DIS,0.97,0.81,0.16,0.16,0.01,0.05,0.30,-0.04,0.34,0.11,0.01,0.00,149.00,2013-11-18 00:00:00,2023-11-16 00:00:00
ECL,0.87,0.46,0.41,0.16,0.01,0.05,0.01,-0.18,0.19,0.10,0.01,0.00,145.00,2013-11-18 00:00:00,2023-11-16 00:00:00
HON,0.76,0.17,0.59,0.16,0.01,0.04,-0.33,-0.59,0.26,0.07,0.00,0.00,150.00,2013-11-18 00:00:00,2023-11-16 00:00:00
NVR,1.09,0.45,0.64,0.16,0.01,0.07,-1.28,-1.11,-0.17,0.00,0.00,0.01,137.00,2013-11-18 00:00:00,2023-11-16 00:00:00
INVH,0.46,0.07,0.39,0.16,0.01,0.04,-0.32,-0.29,-0.03,0.08,0.00,-0.02,105.00,2017-02-01 00:00:00,2023-11-16 00:00:00
AES,1.09,0.12,0.97,0.16,0.01,0.07,0.42,-0.27,0.69,0.12,0.01,0.01,138.00,2013-11-18 00:00:00,2023-11-16 00:00:00
EQR,0.77,0.38,0.39,0.15,0.01,0.05,0.29,-0.13,0.42,0.12,0.00,-0.01,147.00,2013-11-18 00:00:00,2023-11-16 00:00:00
CDAY,0.86,0.19,0.67,0.15,0.02,0.10,-0.59,-0.80,0.21,0.04,0.01,0.01,76.00,2018-04-26 00:00:00,2023-11-16 00:00:00
CME,0.81,0.93,-0.12,0.15,0.01,0.05,-0.54,-0.05,-0.49,0.05,0.00,0.00,150.00,2013-11-18 00:00:00,2023-11-16 00:00:00
CTVA,0.49,0.02,0.47,0.15,0.01,0.06,-0.25,0.03,-0.28,0.06,0.00,-0.01,73.00,2019-05-24 00:00:00,2023-11-16 00:00:00
HRL,0.70,0.35,0.36,0.15,0.01,0.05,0.06,-0.42,0.48,0.10,0.00,0.00,142.00,2013-11-18 00:00:00,2023-11-16 00:00:00
EXPD,0.68,0.38,0.29,0.15,0.01,0.04,-0.60,-0.30,-0.30,0.05,0.00,0.00,155.00,2013-11-18 00:00:00,2023-11-16 00:00:00
BAX,0.64,0.11,0.54,0.15,0.01,0.04,0.40,-0.75,1.15,0.13,0.01,-0.01,156.00,2013-11-18 00:00:00,2023-11-16 00:00:00
CPB,0.75,0.65,0.10,0.15,0.01,0.05,0.46,0.42,0.04,0.13,0.01,0.00,148.00,2013-11-18 00:00:00,2023-11-16 00:00:00
PPG,0.82,0.41,0.41,0.15,0.01,0.05,0.09,-0.03,0.12,0.09,0.00,0.00,152.00,2013-11-18 00:00:00,2023-11-16 00:00:00
NOC,0.78,0.53,0.25,0.15,0.01,0.05,-0.96,-0.68,-0.28,0.01,0.00,0.00,148.00,2013-11-18 00:00:00,2023-11-16 00:00:00
GOOG,0.89,0.21,0.67,0.15,0.01,0.05,-1.18,-0.90,-0.27,0.01,0.00,0.00,169.00,2013-11-18 00:00:00,2023-11-16 00:00:00
EIX,0.84,0.66,0.19,0.15,0.01,0.05,0.14,0.17,-0.03,0.10,0.00,0.00,154.00,2013-11-18 00:00:00,2023-11-16 00:00:00
AMT,0.76,0.50,0.26,0.15,0.01,0.05,-0.49,-0.60,0.11,0.04,0.00,0.00,138.00,2013-11-18 00:00:00,2023-11-16 00:00:00
JNPR,0.85,0.73,0.12,0.14,0.01,0.05,0.13,0.38,-0.25,0.10,0.01,0.00,151.00,2013-11-18 00:00:00,2023-11-16 00:00:00
D,0.59,0.09,0.50,0.14,0.01,0.04,0.63,-0.12,0.74,0.15,0.01,-0.01,147.00,2013-11-18 00:00:00,2023-11-16 00:00:00
WBD,1.05,0.11,0.94,0.14,0.01,0.07,1.61,0.12,1.50,0.17,0.01,-0.02,149.00,2013-11-18 00:00:00,2023-11-16 00:00:00
OMC,0.70,0.36,0.34,0.14,0.01,0.05,0.21,0.20,0.01,0.11,0.00,-0.01,146.00,2013-11-18 00:00:00,2023-11-16 00:00:00
IPG,0.99,0.03,0.96,0.14,0.01,0.06,-0.10,-0.35,0.25,0.08,0.00,0.00,159.00,2013-11-18 00:00:00,2023-11-16 00:00:00
UNH,0.69,0.53,0.16,0.14,0.01,0.05,-1.66,-0.97,-0.69,-0.04,0.00,-0.01,146.00,2013-11-18 00:00:00,2023-11-16 00:00:00
PG,0.52,0.54,-0.02,0.14,0.01,0.04,-0.27,0.14,-0.42,0.06,0.00,0.00,138.00,2013-11-18 00:00:00,2023-11-16 00:00:00
APD,0.65,0.39,0.27,0.14,0.01,0.04,-0.66,-0.50,-0.16,0.03,0.00,-0.01,144.00,2013-11-18 00:00:00,2023-11-16 00:00:00
ZTS,0.66,0.70,-0.04,0.14,0.01,0.05,-1.37,-0.85,-0.52,-0.01,0.00,0.00,146.00,2013-11-18 00:00:00,2023-11-16 00:00:00
CLX,0.67,0.69,-0.03,0.14,0.01,0.05,-0.02,0.18,-0.20,0.08,0.00,0.00,146.00,2013-11-18 00:00:00,2023-11-16 00:00:00
VFC,0.89,0.43,0.46,0.14,0.01,0.06,1.38,-0.26,1.64,0.16,0.01,-0.01,149.00,2013-11-18 00:00:00,2023-11-16 00:00:00
CBOE,0.78,0.54,0.23,0.14,0.01,0.06,-0.76,-0.43,-0.33,0.01,0.00,0.01,142.00,2013-11-18 00:00:00,2023-11-16 00:00:00
COR,0.71,0.76,-0.04,0.14,0.01,0.05,-0.67,0.42,-1.09,0.03,0.00,0.00,147.00,2013-11-18 00:00:00,2023-11-16 00:00:00
FOX,0.43,0.07,0.35,0.14,0.01,0.06,0.48,0.17,0.32,0.14,0.01,0.00,68.00,2019-03-13 00:00:00,2023-11-16 00:00:00
AMAT,1.13,0.65,0.48,0.14,0.01,0.07,-1.83,-0.88,-0.95,-0.01,0.00,0.00,159.00,2013-11-18 00:00:00,2023-11-15 00:00:00
UHS,0.79,0.35,0.44,0.14,0.01,0.06,-0.29,-0.43,0.13,0.07,0.00,-0.01,140.00,2013-11-18 00:00:00,2023-11-16 00:00:00
NDSN,0.70,0.48,0.22,0.13,0.01,0.06,-0.86,-0.48,-0.39,0.02,0.00,0.00,137.00,2013-11-18 00:00:00,2023-11-16 00:00:00
TFC,0.95,0.50,0.45,0.13,0.01,0.06,0.44,-0.01,0.46,0.10,0.01,0.00,154.00,2013-11-18 00:00:00,2023-11-16 00:00:00
T,0.53,0.33,0.20,0.13,0.01,0.04,0.59,0.24,0.35,0.14,0.01,-0.01,156.00,2013-11-18 00:00:00,2023-11-16 00:00:00
REGN,0.90,0.84,0.06,0.13,0.01,0.06,-0.69,0.21,-0.89,0.04,0.00,0.00,142.00,2013-11-18 00:00:00,2023-11-16 00:00:00
TJX,0.73,0.33,0.41,0.13,0.01,0.05,-0.64,-0.41,-0.24,0.03,0.00,-0.01,162.00,2013-11-18 00:00:00,2023-11-16 00:00:00
NOW,1.29,0.85,0.44,0.13,0.01,0.09,-2.03,-1.24,-0.79,-0.03,0.00,0.02,149.00,2013-11-18 00:00:00,2023-11-16 00:00:00
SNA,0.73,0.39,0.35,0.13,0.01,0.05,-0.58,-0.13,-0.44,0.03,0.00,0.00,151.00,2013-11-18 00:00:00,2023-11-16 00:00:00
AMCR,0.89,1.00,-0.11,0.13,0.00,0.03,0.64,0.95,-0.31,0.12,0.00,-0.01,305.00,2013-11-18 00:00:00,2023-11-16 00:00:00
HUBB,0.77,0.69,0.08,0.13,0.01,0.05,-0.57,0.30,-0.88,0.03,0.00,0.00,154.00,2013-11-18 00:00:00,2023-11-16 00:00:00
PXD,1.36,0.42,0.93,0.13,0.01,0.09,0.27,0.49,-0.23,0.08,0.01,0.01,158.00,2013-11-18 00:00:00,2023-11-16 00:00:00
K,0.52,0.64,-0.12,0.13,0.01,0.04,0.36,0.52,-0.15,0.11,0.00,-0.01,142.00,2013-11-18 00:00:00,2023-11-16 00:00:00
CL,0.51,0.37,0.14,0.13,0.00,0.03,0.16,0.31,-0.15,0.09,0.00,-0.01,163.00,2013-11-18 00:00:00,2023-11-16 00:00:00
PNC,0.81,0.77,0.04,0.13,0.01,0.06,-0.19,0.00,-0.19,0.06,0.00,0.00,152.00,2013-11-18 00:00:00,2023-11-16 00:00:00
KEY,1.15,0.67,0.49,0.12,0.01,0.08,0.40,0.14,0.26,0.09,0.01,0.00,157.00,2013-11-18 00:00:00,2023-11-15 00:00:00
CCI,0.68,0.37,0.31,0.12,0.01,0.05,0.01,-0.27,0.29,0.07,0.00,0.00,151.00,2013-11-18 00:00:00,2023-11-16 00:00:00
EQIX,0.61,0.45,0.17,0.12,0.01,0.05,-1.31,-0.91,-0.40,-0.02,0.00,-0.01,145.00,2013-11-18 00:00:00,2023-11-16 00:00:00
CCL,1.66,0.50,1.16,0.12,0.01,0.12,1.06,-0.04,1.10,0.10,0.01,0.02,155.00,2013-11-18 00:00:00,2023-11-16 00:00:00
SYK,0.55,0.24,0.31,0.12,0.00,0.04,-1.15,-0.88,-0.28,-0.01,0.00,-0.01,155.00,2013-11-18 00:00:00,2023-11-16 00:00:00
BIIB,0.91,0.20,0.71,0.12,0.01,0.06,0.08,-0.42,0.51,0.08,0.00,-0.02,157.00,2013-11-18 00:00:00,2023-11-16 00:00:00
ULTA,0.93,0.40,0.53,0.12,0.01,0.07,-0.91,-0.61,-0.30,0.02,0.00,0.00,145.00,2013-11-18 00:00:00,2023-11-16 00:00:00
A,0.62,0.28,0.34,0.12,0.01,0.05,-0.79,-0.64,-0.15,0.01,0.00,0.00,152.00,2013-11-18 00:00:00,2023-11-15 00:00:00
CTRA,0.94,0.65,0.29,0.12,0.01,0.07,0.45,1.14,-0.69,0.09,0.01,0.00,148.00,2013-11-18 00:00:00,2023-11-16 00:00:00
LRCX,0.81,0.87,-0.06,0.12,0.01,0.07,-2.59,-1.11,-1.48,-0.05,0.00,-0.01,150.00,2013-11-18 00:00:00,2023-11-16 00:00:00
CHRW,0.61,0.35,0.26,0.12,0.01,0.05,-0.05,0.00,-0.05,0.07,0.00,0.00,149.00,2013-11-18 00:00:00,2023-11-16 00:00:00
EG,0.56,0.38,0.18,0.11,0.00,0.04,-0.70,-0.21,-0.49,0.02,0.00,-0.01,153.00,2013-11-18 00:00:00,2023-11-16 00:00:00
VMC,0.74,0.73,0.01,0.11,0.01,0.06,-1.04,-0.38,-0.67,0.00,0.00,0.00,150.00,2013-11-18 00:00:00,2023-11-16 00:00:00
AIZ,0.68,0.40,0.28,0.11,0.01,0.06,-0.62,-0.41,-0.21,0.02,0.00,0.00,151.00,2013-11-18 00:00:00,2023-11-16 00:00:00
AEE,0.55,0.23,0.32,0.11,0.01,0.05,-0.48,-0.53,0.05,0.03,0.00,0.00,147.00,2013-11-18 00:00:00,2023-11-16 00:00:00
MDLZ,0.45,0.28,0.17,0.11,0.00,0.04,-0.53,-0.26,-0.27,0.03,0.00,-0.01,154.00,2013-11-18 00:00:00,2023-11-16 00:00:00
REG,0.64,0.44,0.20,0.11,0.01,0.06,-0.08,0.19,-0.27,0.07,0.00,-0.01,144.00,2013-11-18 00:00:00,2023-11-16 00:00:00
DHI,0.72,0.62,0.10,0.11,0.01,0.06,-1.77,-0.58,-1.19,-0.04,0.00,-0.01,143.00,2013-11-18 00:00:00,2023-11-16 00:00:00
TXT,0.91,0.34,0.57,0.11,0.01,0.08,-0.56,-0.23,-0.33,0.02,0.00,0.01,142.00,2013-11-18 00:00:00,2023-11-16 00:00:00
ARE,0.47,0.05,0.42,0.11,0.00,0.05,-0.35,-0.89,0.54,0.04,0.00,-0.01,139.00,2013-11-18 00:00:00,2023-11-16 00:00:00
ESS,0.53,0.18,0.35,0.11,0.00,0.04,-0.12,-0.46,0.34,0.06,0.00,-0.01,150.00,2013-11-18 00:00:00,2023-11-16 00:00:00
VICI,0.37,0.17,0.19,0.11,0.01,0.05,-0.37,0.04,-0.41,0.04,0.00,-0.02,92.00,2018-01-02 00:00:00,2023-11-16 00:00:00
KO,0.32,0.28,0.04,0.11,0.00,0.03,-0.24,-0.03,-0.21,0.05,0.00,-0.01,143.00,2013-11-18 00:00:00,2023-11-16 00:00:00
CSGP,0.76,0.75,0.01,0.11,0.01,0.06,-1.28,-0.70,-0.58,-0.02,0.00,0.00,151.00,2013-11-18 00:00:00,2023-11-15 00:00:00
L,0.51,0.37,0.14,0.10,0.00,0.04,-0.15,0.21,-0.36,0.06,0.00,0.00,159.00,2013-11-18 00:00:00,2023-11-16 00:00:00
LHX,0.60,0.45,0.15,0.10,0.01,0.06,-0.80,-0.75,-0.04,-0.01,0.00,0.00,149.00,2013-11-18 00:00:00,2023-11-16 00:00:00
WRB,0.45,0.38,0.07,0.10,0.00,0.04,-1.11,-0.51,-0.60,-0.02,0.00,0.00,154.00,2013-11-18 00:00:00,2023-11-16 00:00:00
NI,0.44,0.35,0.09,0.10,0.00,0.04,-0.60,-0.45,-0.15,0.02,0.00,-0.01,148.00,2013-11-18 00:00:00,2023-11-16 00:00:00
PHM,0.83,0.73,0.10,0.09,0.01,0.08,-1.38,-0.21,-1.17,-0.03,0.00,0.00,147.00,2013-11-18 00:00:00,2023-11-16 00:00:00
LIN,0.43,0.03,0.40,0.09,0.00,0.04,-1.00,-0.55,-0.45,-0.02,0.00,-0.01,164.00,2013-11-18 00:00:00,2023-11-15 00:00:00
GILD,0.47,0.00,0.47,0.09,0.00,0.05,0.02,-0.02,0.04,0.06,0.00,0.00,147.00,2013-11-18 00:00:00,2023-11-16 00:00:00
ATO,0.42,0.21,0.21,0.09,0.00,0.04,-0.73,-0.68,-0.05,0.00,0.00,0.00,157.00,2013-11-18 00:00:00,2023-11-16 00:00:00
CF,0.87,0.31,0.56,0.09,0.01,0.08,-0.59,-0.12,-0.47,0.02,0.00,0.00,154.00,2013-11-18 00:00:00,2023-11-16 00:00:00
GNRC,0.88,0.17,0.72,0.09,0.01,0.09,-0.87,-0.82,-0.05,0.01,0.00,0.01,148.00,2013-11-18 00:00:00,2023-11-16 00:00:00
FI,0.44,0.12,0.32,0.09,0.00,0.04,-1.40,-1.43,0.03,-0.05,0.00,-0.01,160.00,2013-11-18 00:00:00,2023-11-16 00:00:00
MCK,0.49,0.62,-0.13,0.09,0.00,0.05,-0.93,0.58,-1.51,-0.01,0.00,0.00,149.00,2013-11-18 00:00:00,2023-11-16 00:00:00
HLT,0.53,0.52,0.01,0.08,0.00,0.05,-1.23,-0.56,-0.67,-0.04,0.00,0.00,158.00,2013-12-12 00:00:00,2023-11-15 00:00:00
LVS,0.60,0.54,0.06,0.08,0.01,0.07,0.19,0.28,-0.09,0.06,0.00,-0.01,154.00,2013-11-18 00:00:00,2023-11-16 00:00:00
MTB,0.48,0.61,-0.14,0.08,0.00,0.05,-0.15,0.17,-0.32,0.04,0.00,-0.01,156.00,2013-11-18 00:00:00,2023-11-16 00:00:00
UDR,0.31,0.03,0.28,0.07,0.00,0.04,-0.38,-0.65,0.27,0.02,0.00,-0.01,152.00,2013-11-18 00:00:00,2023-11-16 00:00:00
USB,0.33,0.25,0.07,0.06,0.00,0.05,-0.10,-0.16,0.06,0.03,0.00,-0.01,163.00,2013-11-18 00:00:00,2023-11-16 00:00:00
MRK,0.23,0.23,0.00,0.05,0.00,0.04,-0.84,-0.45,-0.39,-0.03,0.00,0.00,150.00,2013-11-18 00:00:00,2023-11-16 00:00:00
MDT,0.21,0.28,-0.07,0.05,0.00,0.04,-0.31,-0.41,0.10,0.01,0.00,0.00,154.00,2013-11-18 00:00:00,2023-11-15 00:00:00
HIG,0.16,-0.15,0.30,0.03,0.00,0.04,-1.05,-0.73,-0.32,-0.04,0.00,-0.02,153.00,2013-11-18 00:00:00,2023-11-16 00:00:00
FIS,0.13,0.11,0.02,0.03,0.00,0.04,-0.36,-0.95,0.59,0.00,0.00,-0.02,150.00,2013-11-18 00:00:00,2023-11-16 00:00:00
SJM,0.17,0.65,-0.48,0.03,0.00,0.05,-0.13,0.65,-0.78,0.01,0.00,0.00,149.00,2013-11-18 00:00:00,2023-11-16 00:00:00
GIS,0.07,0.22,-0.15,0.01,0.00,0.04,-0.43,0.14,-0.58,-0.03,0.00,0.00,146.00,2013-11-18 00:00:00,2023-11-16 00:00:00
OTIS,0.02,0.00,0.02,0.01,0.00,0.04,-0.87,0.00,-0.87,-0.16,-0.01,-0.01,52.00,2020-03-19 00:00:00,2023-11-16 00:00:00
TMUS,0.01,0.06,-0.06,0.00,0.00,0.04,-2.10,-1.24,-0.86,-0.14,-0.01,-0.01,161.00,2013-11-18 00:00:00,2023-11-16 00:00:00
FE,-0.12,0.03,-0.15,-0.02,0.00,0.04,-0.58,-0.32,-0.26,-0.06,0.00,-0.01,160.00,2013-11-18 00:00:00,2023-11-16 00:00:00
HST,-0.20,0.50,-0.70,-0.03,0.00,0.06,-0.71,0.38,-1.09,-0.05,0.00,-0.01,160.00,2013-11-18 00:00:00,2023-11-16 00:00:00
VRTX,-0.26,0.27,-0.53,-0.04,0.00,0.06,-2.65,-1.45,-1.20,-0.15,-0.01,-0.01,154.00,2013-11-18 00:00:00,2023-11-16 00:00:00
VLTO,-0.11,0.00,-0.11,-1.53,-0.05,0.04,-0.04,0.00,-0.04,-1.34,-0.04,-0.02,2.00,2023-10-04 00:00:00,2023-11-16 00:00:00
PEP,0.00,0.00,0.00,,,,0.00,0.00,0.00,,,,0.00,2023-11-16 00:00:00,2023-11-16 00:00:00
