Date,Open,High,Low,Close,Volume,Ex-Dividend,Split Ratio,Adj. Open,Adj. High,Adj. Low,Adj. Close,Adj. Volume,TR1,TR2,TR3,TRmax,N1,N2,MavgB1,MavgS1,MavgB2,MavgS2,Trade,Unit,Date,LastPrice,CurrentPrice,EntryPrice,ExitPrice,StopPrice,StopInd,N,Direction,StartPos,PNL,TxCost,EndPos,Return,RisktoEq%,PrevTradeLoser,PostCrisis,S1orS2
2016-01-04,32.01,32.39,31.035,31.99,3365246.0,0.0,1.0,31.778402938804,32.155653582876,30.810457207304,31.758547641748,3365246.0,1.3550000000000004,0.0,0.0,1.3550000000000004,,0.0,0.0,0.0,0.0,0.0,,,2016-01-04,,,,,,,,,,,,,,,,,
2016-01-05,31.97,32.0208,30.65,30.7,4772360.0,0.0,1.0,31.738692344691,31.789124799215,30.428242738968,30.477880981609,4772360.0,1.3708000000000027,0.030800000000002825,1.3399999999999999,1.3708000000000027,,0.0,0.0,0.0,0.0,0.0,,,2016-01-05,,,,,,,,,,,,,,,,,
2016-01-06,30.19,30.44,29.76,30.34,4687397.0,0.0,1.0,29.97157090667,30.219762119875,29.544682019957,30.120485634593,4687397.0,0.6799999999999997,0.259999999999998,0.9399999999999977,0.9399999999999977,,0.0,0.0,0.0,0.0,0.0,,,2016-01-06,,,,,,,,,,,,,,,,,
2016-01-07,29.53,29.755,28.56,28.71,4364512.0,0.0,1.0,29.316346103808,29.539718195693,28.353364196571,28.502278924495,4364512.0,1.1950000000000003,0.5850000000000009,1.7800000000000011,1.7800000000000011,,0.0,0.0,0.0,0.0,0.0,,,2016-01-07,,,,,,,,,,,,,,,,,
2016-01-08,29.01,29.17,28.03,28.14,4484414.0,0.0,1.0,28.800108380341,28.958950756792,27.827198824576,27.936402958386,4484414.0,1.1400000000000006,0.46000000000000085,0.6799999999999997,1.1400000000000006,,0.0,0.0,0.0,0.0,0.0,,,2016-01-08,,,,,,,,,,,,,,,,,
2016-01-11,28.39,28.72,27.95,28.59,4804679.0,0.0,1.0,28.184594171592,28.512206573023,27.74777763635,28.383147142156,4804679.0,0.7699999999999996,0.5799999999999983,0.19000000000000128,0.7699999999999996,,0.0,0.0,0.0,0.0,0.0,,,2016-01-11,,,,,,,,,,,,,,,,,
2016-01-12,29.16,29.59,28.15,29.12,5337063.0,0.0,1.0,28.949023108264,29.375911994977,27.946330606915,28.909312514151,5337063.0,1.4400000000000013,1.0,0.4400000000000013,1.4400000000000013,,0.0,0.0,0.0,0.0,0.0,,,2016-01-12,,,,,,,,,,,,,,,,,
2016-01-13,29.28,29.44,27.475,27.69,6329434.0,0.0,1.0,29.068154890603,29.226997267054,27.27621433126,27.489658774617,6329434.0,1.9649999999999999,0.3200000000000003,1.6449999999999996,1.9649999999999999,,0.0,0.0,0.0,0.0,0.0,,,2016-01-13,,,,,,,,,,,,,,,,,
2016-01-14,27.71,28.79,26.68,28.41,5389402.0,0.0,1.0,27.509514071673,28.58170011272,26.486966273268,28.204449468648,5389402.0,2.1099999999999994,1.0999999999999979,1.0100000000000016,2.1099999999999994,,0.0,0.0,0.0,0.0,0.0,,,2016-01-14,,,,,,,,,,,,,,,,,
2016-01-15,27.48,27.748,27.01,27.53,3902460.0,0.0,1.0,27.281178155525,27.547239136081,26.814578674699,27.330816398166,3902460.0,0.7379999999999995,0.661999999999999,1.3999999999999986,1.3999999999999986,,0.0,0.0,-1.0,0.0,0.0,,,2016-01-15,,,,,,,,,,,,,,,,,
2016-01-19,28.05,28.13,27.03,27.57,3924103.0,0.0,1.0,27.847054121633,27.926475309858,26.834433971755,27.370526992278,3924103.0,1.0999999999999979,0.5999999999999979,0.5,1.0999999999999979,,0.0,0.0,0.0,0.0,0.0,,,2016-01-19,,,,,,,,,,,,,,,,,
2016-01-20,26.97,28.435,26.47,27.925,5258552.0,0.0,1.0,26.774868080586,28.229268589969,26.278485654175,27.72295851503,5258552.0,1.9649999999999999,0.8649999999999984,1.1000000000000014,1.9649999999999999,,0.0,0.0,0.0,0.0,0.0,,,2016-01-20,,,,,,,,,,,,,,,,,
2016-01-21,28.04,28.65,27.63,27.92,4261046.0,0.0,1.0,27.837126473104,28.442713033325,27.430092883448,27.717994690766,4261046.0,1.0199999999999996,0.7249999999999979,0.2950000000000017,1.0199999999999996,,0.0,0.0,0.0,0.0,0.0,,,2016-01-21,,,,,,,,,,,,,,,,,
2016-01-22,28.56,29.5,27.83,28.48,5825950.0,0.0,1.0,28.353364196571,29.286563158223,27.628645854012,28.273943008346,5825950.0,1.6700000000000017,1.5799999999999983,0.09000000000000341,1.6700000000000017,,0.0,0.0,0.0,0.0,0.0,,,2016-01-22,,,,,,,,,,,,,,,,,
2016-01-25,28.33,28.42,27.455,27.805,2922184.0,0.0,1.0,28.125028280422,28.214377117176,27.256359034204,27.603826732691,2922184.0,0.9650000000000034,0.05999999999999872,1.0250000000000021,1.0250000000000021,,0.0,0.0,0.0,0.0,0.0,,,2016-01-25,,,,,,,,,,,,,,,,,
2016-01-26,28.02,29.09,27.8209,28.79,3570658.0,0.0,1.0,27.817271176048,28.879529568567,27.619611693851,28.58170011272,3570658.0,1.2690999999999981,1.2850000000000001,0.015900000000002024,1.2850000000000001,,0.0,0.0,0.0,0.0,0.0,,,2016-01-26,,,,,,,,,,,,,,,,,
2016-01-27,28.67,29.72,28.39,28.55,3708253.0,0.0,1.0,28.462568330382,29.504971425844,28.184594171592,28.343436548043,3708253.0,1.3299999999999983,0.9299999999999997,0.3999999999999986,1.3299999999999983,,0.0,0.0,0.0,0.0,0.0,,,2016-01-27,,,,,,,,,,,,,,,,,
2016-01-28,29.08,29.39,27.71,27.76,4173757.0,0.07,1.0,28.942399907589,29.250933056535,27.578882442892,27.628645854012,4173757.0,1.6799999999999997,0.8399999999999999,0.8399999999999999,1.6799999999999997,,0.0,0.0,0.0,0.0,0.0,,,2016-01-28,,,,,,,,,,,,,,,,,
2016-01-29,27.86,28.59,27.62,28.41,5737830.0,0.0,1.0,27.728172676253,28.45471847861,27.489308302875,28.275570198576,5737830.0,0.9699999999999989,0.8299999999999983,0.14000000000000057,0.9699999999999989,,0.0,0.0,0.0,0.0,0.0,,,2016-01-29,,,,,,,,,,,,,,,,,
2016-02-01,28.26,29.15,27.83,28.96,4733999.0,0.0,1.0,28.126279965215,29.012068683157,27.69831462958,28.8229677209,4733999.0,1.3200000000000003,0.7399999999999984,0.5800000000000018,1.3200000000000003,1.38179,0.0,0.0,1.0,0.0,0.0,,,2016-02-01,,,,,,,,,,,,,,,,,
2016-02-02,28.66,28.8499,28.2544,28.46,3508891.0,0.0,1.0,28.524387254178,28.713388689613,28.12070646317,28.325333609697,3508891.0,0.5955000000000013,0.1100999999999992,0.7056000000000004,0.7056000000000004,1.34932,0.0,0.0,0.0,0.0,0.0,,,2016-02-02,,,,,,,,,,,,,,,,,
2016-02-03,28.7,28.83,26.63,27.91,5307159.0,0.0,1.0,28.564197983074,28.693582851987,26.503992762692,27.777936087373,5307159.0,2.1999999999999993,0.36999999999999744,1.8300000000000018,2.1999999999999993,1.39078,1.391854,0.0,0.0,0.0,0.0,,,2016-02-03,,,,,,,,,,,,,,,,,
2016-02-04,27.95,28.29,27.4,27.61,5361051.0,0.0,1.0,27.817746816269,28.156138011888,27.270349293945,27.479355620651,5361051.0,0.8900000000000006,0.379999999999999,0.5100000000000016,0.8900000000000006,1.38828,1.3657409999999999,0.0,-1.0,0.0,0.0,,,2016-02-04,,,,,,,,,,,,,,,,,
2016-02-05,27.6,28.33,27.12,27.19,4259540.0,0.0,1.0,27.469402938427,28.195948740784,26.991674191672,27.06134296724,4259540.0,1.2099999999999973,0.7199999999999989,0.48999999999999844,1.2099999999999973,1.3597799999999998,1.3793659999999996,-1.0,-1.0,0.0,-1.0,,,2016-02-05,,,,,,,,,,,,,,,,,
2016-02-08,26.9,27.06,26.07,26.34,7728648.0,0.0,1.0,26.772715182742,26.931958098327,25.946642558144,26.215364978194,7728648.0,0.9899999999999984,0.13000000000000256,1.120000000000001,1.120000000000001,1.3587799999999999,1.3477909999999997,-1.0,-1.0,0.0,-1.0,0.0,1.0,2016-02-08,27.19,26.34,27.19,26.34,28.569366000000002,1.0,1.3793659999999996,-1.0,72.49707474303413,2.266366808811295,0.7249707474303414,74.03847080441508,0.031261493196028,7.249181929819222e-05,1.0,1.0,1.0
2016-02-09,27.23,28.68,26.32,27.45,8160957.0,0.0,1.0,27.101153696136,28.544292618626,26.195459613746,27.320112705066,8160957.0,2.3599999999999994,2.34,0.019999999999999574,2.3599999999999994,1.4382799999999998,1.4088409999999998,0.0,0.0,0.0,0.0,0.0,2.0,2016-02-09,26.34,27.45,26.500317000000003,27.45,27.687791,1.0,1.3477909999999997,-1.0,146.5355455474492,-5.25134535191175,0.7249707474303414,140.55922944810712,-0.03583666565196175,0.00014651407602738815,1.0,1.0,1.0
2016-02-10,28.2,29.37,28.07,28.58,6886081.0,0.0,1.0,28.066563871871,29.231027692087,27.937179002958,28.444765796385,6886081.0,1.3000000000000007,1.9200000000000017,0.620000000000001,1.9200000000000017,1.4622799999999998,1.4623659999999998,0.0,0.0,0.0,0.0,0.0,2.0,2016-02-10,27.45,28.58,27.45,28.58,28.858840999999998,1.0,1.4088409999999998,-1.0,140.55922944810712,-5.786226931743555,0.0,134.77300251636356,-0.04116575591985416,0.00014053947532774802,1.0,1.0,1.0
2016-02-11,27.98,29.08,27.7,28.61,4433291.0,0.0,1.0,27.847604862941,28.942399907589,27.568929760668,28.474623843058,4433291.0,1.379999999999999,0.5,0.879999999999999,1.379999999999999,1.4330299999999998,1.4581659999999999,0.0,0.0,0.0,0.0,0.0,2.0,2016-02-11,28.58,28.61,28.58,28.61,30.042365999999998,1.0,1.4623659999999998,-1.0,134.77300251636356,-0.14146921187862038,0.0,134.63153330448495,-0.0010496850944716751,0.00013475484120181117,1.0,1.0,1.0
2016-02-12,29.13,30.12,28.645,29.69,5636715.0,0.0,1.0,28.992163318709,29.977478858892,28.509458230842,29.549513523257,5636715.0,1.4750000000000014,1.5100000000000016,0.03500000000000014,1.5100000000000016,1.4030299999999998,1.4368785,1.0,1.0,0.0,1.0,0.0,2.0,2016-02-12,28.61,29.69,28.61,29.69,30.068165999999998,1.0,1.4581659999999999,-1.0,134.63153330448495,-5.082210974094525,0.7249707474303414,128.82435158296008,-0.03774903879762337,0.00013461341009468055,1.0,1.0,1.0
2016-02-16,30.13,30.395,29.41,30.35,4584941.0,0.0,1.0,29.987431541116,30.251177620054,29.270838420983,30.206390550045,4584941.0,0.9849999999999994,0.7049999999999983,0.28000000000000114,0.9849999999999994,1.38228,1.3821284999999999,1.0,1.0,0.0,1.0,,,2016-02-16,,,,,,,,,,,,,,,,,
2016-02-17,30.57,31.0799,30.38,30.78,3602452.0,0.0,1.0,30.425349558975,30.93283682558,30.236248596718,30.63435588568,3602452.0,0.6998999999999995,0.7298999999999971,0.029999999999997584,0.7298999999999971,1.363775,1.3496609999999998,1.0,1.0,0.0,1.0,3.0,1.0,2016-02-17,30.35,30.78,30.35,30.78,28.9678715,1.0,1.3821284999999999,1.0,72.35217275383586,1.0250884442882793,0.7235217275383586,72.65373947058578,0.014168039538714927,7.234693829565808e-05,1.0,1.0,1.0
2016-02-18,30.81,31.0,30.11,30.23,2561952.0,0.0,1.0,30.664213932353,30.85331489461,29.967526176668,30.086958363357,2561952.0,0.8900000000000006,0.21999999999999886,0.6700000000000017,0.8900000000000006,1.310025,1.3400862500000001,0.0,0.0,0.0,0.0,3.0,1.0,2016-02-18,30.78,30.23,30.78,30.23,29.430339,1.0,1.3496609999999998,1.0,72.65373947058578,-1.2982312121124833,0.0,71.3555082584733,-0.017868745938921404,7.26484612882064e-05,1.0,1.0,1.0
2016-02-19,29.92,30.0,29.18,29.61,4045058.0,0.0,1.0,29.778425214411,29.858046672203,29.04192672983,29.469892065464,4045058.0,0.8200000000000003,0.23000000000000043,1.0500000000000007,1.0500000000000007,1.311525,1.29702375,0.0,0.0,0.0,0.0,3.0,1.0,2016-02-19,30.23,29.61,30.23,29.61,28.88991375,1.0,1.3400862500000001,1.0,71.3555082584733,-1.4634606391086205,0.0,69.89204761936467,-0.020509427720807216,7.135041701320286e-05,1.0,1.0,1.0
2016-02-22,29.92,30.29,29.49,29.9,3624198.0,0.0,1.0,29.778425214411,30.146674456701,29.350459878776,29.758519849962,3624198.0,0.8000000000000007,0.6799999999999997,0.120000000000001,0.8000000000000007,1.268025,1.28594875,0.0,0.0,0.0,0.0,3.0,1.0,2016-02-22,29.61,29.9,29.61,29.9,28.31297625,1.0,1.29702375,1.0,69.89204761936467,0.6845219118411264,0.0,70.5765695312058,0.009793988517392771,6.988716306243594e-05,1.0,1.0,1.0
2016-02-23,29.8,30.3,29.4367,29.57,3714875.0,0.0,1.0,29.658993027722,30.156627138925,29.297412082521,29.430081336568,3714875.0,0.8633000000000024,0.40000000000000213,0.46330000000000027,0.8633000000000024,1.2599399999999998,1.2477887500000002,0.0,0.0,0.0,0.0,3.0,1.0,2016-02-23,29.9,29.57,29.9,29.57,28.61405125,1.0,1.28594875,1.0,70.5765695312058,-0.7789387272674867,0.0,69.79763080393832,-0.011036789297658833,7.057158883055978e-05,1.0,1.0,1.0
2016-02-24,29.27,29.51,28.54,29.42,3393094.0,0.0,1.0,29.131500869846,29.370365243224,28.404955067489,29.280791103207,3393094.0,0.9700000000000024,0.05999999999999872,1.0300000000000011,1.0300000000000011,1.24719,1.248443,0.0,0.0,0.0,0.0,3.0,1.0,2016-02-24,29.57,29.42,29.57,29.42,28.32221125,1.0,1.2477887500000002,1.0,69.79763080393832,-0.3540630578488572,0.0,69.44356774608946,-0.005072708826513339,6.979275943468251e-05,1.0,1.0,1.0
2016-02-25,29.61,29.95,29.21,29.95,2466838.0,0.0,1.0,29.469892065464,29.808283261083,29.071784776502,29.808283261083,2466838.0,0.7399999999999984,0.5299999999999976,0.21000000000000085,0.7399999999999984,1.21769,1.2218304999999998,0.0,0.0,0.0,0.0,3.0,1.0,2016-02-25,29.42,29.95,29.42,29.95,28.171557,1.0,1.248443,1.0,69.44356774608946,1.2510228043993017,0.0,70.69459055048875,0.018014955812372557,6.943874567185019e-05,1.0,1.0,1.0
2016-02-26,30.16,30.5,29.83,30.25,3211237.0,0.0,1.0,30.017289587788,30.355680783406,29.688851074394,30.106863727805,3211237.0,0.6700000000000017,0.5500000000000007,0.120000000000001,0.6700000000000017,1.1671900000000002,1.1903055,0.0,0.0,0.0,0.0,3.0,1.0,2016-02-26,29.95,30.25,29.95,30.25,28.7281695,1.0,1.2218304999999998,1.0,70.69459055048875,0.7081261156977142,0.0,71.40271666618646,0.01001669449081799,7.068959317864282e-05,1.0,1.0,1.0
2016-02-29,30.17,30.715,30.07,30.12,3043008.0,0.0,1.0,30.027242270012,30.569663451224,29.927715447772,29.977478858892,3043008.0,0.6449999999999996,0.46499999999999986,0.17999999999999972,0.6449999999999996,1.15094,1.1410805000000002,0.0,0.0,0.0,0.0,3.0,1.0,2016-02-29,30.25,30.12,30.25,30.12,29.0596945,1.0,1.1903055,1.0,71.40271666618646,-0.30685465013567287,0.0,71.09586201605079,-0.004297520661156962,7.139761868224905e-05,1.0,1.0,1.0
2016-03-01,30.67,31.285,30.6,31.23,3110917.0,0.0,1.0,30.524876381216,31.136966337996,30.455207605647,31.082226585763,3110917.0,0.6849999999999987,1.1649999999999991,0.4800000000000004,1.1649999999999991,1.1431900000000002,1.151643,1.0,1.0,0.0,1.0,3.0,1.0,2016-03-01,30.12,31.23,30.12,31.23,28.9789195,1.0,1.1410805000000002,1.0,71.09586201605079,2.6200666280815508,0.0,73.71592864413233,0.03685258964143423,7.109080775379212e-05,1.0,1.0,1.0
2016-03-02,31.08,31.5,31.02,31.41,2444405.0,0.0,1.0,30.932936352402,31.350949005813,30.873220259058,31.261374865797,2444405.0,0.4800000000000004,0.2699999999999996,0.21000000000000085,0.4800000000000004,1.13191,1.1100305000000001,1.0,1.0,0.0,1.0,3.0,2.0,2016-03-02,31.23,31.41,31.04106425,31.41,30.078357,1.0,1.151643,1.0,146.06810139796818,1.7360791532891924,0.7235217275383586,147.080658823719,0.011885409180195872,0.00014604676862376,1.0,1.0,1.0
2016-03-03,31.28,32.17,31.11,32.07,3564972.0,0.0,1.0,31.131989996884,32.017778714826,30.962794399075,31.918251892585,3564972.0,1.0600000000000023,0.7600000000000016,0.3000000000000007,1.0600000000000023,1.0749100000000003,1.1283145,1.0,1.0,0.0,1.0,3.0,2.0,2016-03-03,31.41,32.07,31.41,32.07,30.2999695,1.0,1.1100305000000001,1.0,147.080658823719,3.0905200516922964,0.0,150.1711788754113,0.021012416427889313,0.0001470590292848058,1.0,1.0,1.0
2016-03-04,31.78,32.55,31.56,32.53,3497101.0,0.0,1.0,31.629624108087,32.39598063934,31.410665099158,32.376075274892,3497101.0,0.9899999999999984,0.4799999999999969,0.5100000000000016,0.9899999999999984,1.0799100000000001,1.0706645000000001,1.0,1.0,0.0,1.0,3.0,3.0,2016-03-04,32.07,32.53,31.7321285,32.53,30.9416855,1.0,1.1283145,1.0,222.52335162924714,5.59511916603559,0.7235217275383586,227.3949490677444,0.025143964105653893,0.0002224738460033846,1.0,1.0,1.0
2016-03-07,32.25,32.69,32.22,32.47,2958950.0,0.0,1.0,32.097400172618,32.535318190477,32.067542125946,32.316359181548,2958950.0,0.46999999999999886,0.1599999999999966,0.3100000000000023,0.46999999999999886,1.0429100000000002,1.0494145000000001,0.0,0.0,0.0,0.0,3.0,4.0,2016-03-07,32.53,32.47,32.42319275,32.47,31.4593355,1.0,1.0706645000000001,1.0,299.74712182158027,0.43272538198399146,0.7235217275383586,299.4563254760259,0.0014436348190911552,0.00029965730040825003,1.0,1.0,1.0
2016-03-08,32.15,32.49,31.87,32.23,4582552.0,0.0,1.0,31.997873350378,32.336264545996,31.719198248104,32.07749480817,4582552.0,0.620000000000001,0.020000000000003126,0.5999999999999979,0.620000000000001,1.01791,1.0217645000000002,0.0,0.0,0.0,0.0,3.0,4.0,2016-03-08,32.47,32.23,32.47,32.23,31.420585499999998,1.0,1.0494145000000001,1.0,299.4563254760259,-2.213412938535469,0.0,297.24291253749044,-0.007391438250692995,0.00029936667823059296,1.0,1.0,1.0
2016-03-09,32.45,32.79,32.305,32.47,2732122.0,0.0,1.0,32.2964538171,32.634845012718,32.152139924851,32.316359181548,2732122.0,0.48499999999999943,0.5600000000000023,0.07500000000000284,0.5600000000000023,0.9279100000000003,0.9950145000000002,0.0,0.0,0.0,0.0,3.0,4.0,2016-03-09,32.23,32.47,32.23,32.47,31.208235499999997,1.0,1.0217645000000002,1.0,297.24291253749044,2.2134129385354697,0.0,299.4563254760259,0.007446478436239579,0.0002971545854430395,1.0,1.0,1.0
2016-03-10,32.5,32.69,31.72,31.9,3704923.0,0.0,1.0,32.34621722822,32.535318190477,31.569908014743,31.749056294776,3704923.0,0.9699999999999989,0.21999999999999886,0.75,0.9699999999999989,0.8804100000000001,0.9300145000000002,0.0,0.0,0.0,0.0,3.0,4.0,2016-03-10,32.47,31.9,32.47,31.9,31.4749855,1.0,0.9950145000000002,1.0,299.4563254760259,-5.256855729021713,0.0,294.1994697470042,-0.017554665845395778,0.00029936667823059296,1.0,1.0,1.0
2016-03-11,32.22,33.04,32.01,33.03,2993762.0,0.0,1.0,32.067542125946,32.88366206832,31.858535799241,32.873709386096,2993762.0,1.0300000000000011,1.1400000000000006,0.10999999999999943,1.1400000000000006,0.8684100000000002,0.8933895000000002,1.0,1.0,0.0,1.0,3.0,4.0,2016-03-11,31.9,33.03,31.9,33.03,30.9699855,1.0,0.9300145000000002,1.0,294.1994697470042,10.421485918937778,0.0,304.62095566594195,0.03542319749216305,0.00029411294187545867,1.0,1.0,1.0
2016-03-14,32.81,33.0,32.22,32.41,3016125.0,0.0,1.0,32.654750377166,32.843851339423,32.067542125946,32.256643088203,3016125.0,0.7800000000000011,0.030000000000001137,0.8100000000000023,0.8100000000000023,0.8334100000000003,0.8654895000000004,0.0,0.0,0.0,0.0,3.0,4.0,2016-03-14,33.03,32.41,33.03,32.41,32.1366105,1.0,0.8933895000000002,1.0,304.62095566594195,-5.717983424549953,0.0,298.902972241392,-0.01877081441114148,0.0003045281899976776,1.0,1.0,1.0
2016-03-15,32.26,32.78,31.93,32.73,2738025.0,0.0,1.0,32.107352854842,32.624892330494,31.778914341448,32.575128919374,2738025.0,0.8500000000000014,0.37000000000000455,0.4799999999999969,0.8500000000000014,0.8266600000000004,0.8342395000000004,0.0,0.0,0.0,0.0,3.0,4.0,2016-03-15,32.41,32.73,32.41,32.73,31.544510499999998,1.0,0.8654895000000004,1.0,298.902972241392,2.951217251380604,0.0,301.8541894927726,0.00987349583461894,0.00029881365595148176,1.0,1.0,1.0
2016-03-16,32.64,33.17,32.5631,33.07,2987911.0,0.0,1.0,32.485554779357,33.013046937233,32.409018653054,32.913520114992,2987911.0,0.6069000000000031,0.44000000000000483,0.16689999999999827,0.6069000000000031,0.8205100000000007,0.8156720000000005,1.0,1.0,0.0,1.0,3.0,4.0,2016-03-16,32.73,33.07,32.73,33.07,31.895760499999998,1.0,0.8342395000000004,1.0,301.8541894927726,3.1356683295919283,0.0,304.9898578223645,0.010388023220287312,0.0003017631010364904,1.0,1.0,1.0
2016-03-17,32.82,33.11,32.55,32.56,3717243.0,0.0,1.0,32.66470305939,32.953330843888,32.39598063934,32.405933321564,3717243.0,0.5600000000000023,0.03999999999999915,0.5200000000000031,0.5600000000000023,0.8040100000000008,0.8074845000000007,0.0,0.0,0.0,0.0,3.0,4.0,2016-03-17,33.07,32.56,33.07,32.56,32.254328,1.0,0.8156720000000005,1.0,304.9898578223645,-4.703502494387825,0.0,300.2863553279767,-0.01542183247656481,0.00030489686737013484,1.0,1.0,1.0
2016-03-18,32.5,32.8,32.32,32.41,7064447.0,0.0,1.0,32.34621722822,32.644797694942,32.167068948187,32.256643088203,7064447.0,0.4799999999999969,0.23999999999999488,0.240000000000002,0.4799999999999969,0.7755100000000006,0.7878095000000005,0.0,0.0,0.0,0.0,3.0,4.0,2016-03-18,32.56,32.41,32.56,32.41,31.7525155,1.0,0.8074845000000007,1.0,300.2863553279767,-1.3833830865847103,0.0,298.902972241392,-0.004606879606879777,0.0003001962105020418,1.0,1.0,1.0
2016-03-21,32.25,32.91,32.23,32.79,2294693.0,0.0,1.0,32.097400172618,32.754277199407,32.07749480817,32.634845012718,2294693.0,0.6799999999999997,0.5,0.17999999999999972,0.6799999999999997,0.7695100000000006,0.7707345000000005,0.0,0.0,0.0,0.0,3.0,4.0,2016-03-21,32.41,32.79,32.41,32.79,31.622190499999995,1.0,0.7878095000000005,1.0,298.902972241392,3.504570486014509,0.0,302.4075427274065,0.01172477630361013,0.00029881365595148176,1.0,1.0,1.0
2016-03-22,32.74,32.98,32.48,32.76,2157700.0,0.0,1.0,32.585081601598,32.823945974975,32.326311863772,32.604986966046,2157700.0,0.5,0.18999999999999773,0.3100000000000023,0.5,0.7513450000000004,0.7560345000000005,0.0,0.0,0.0,0.0,3.0,4.0,2016-03-22,32.79,32.76,32.79,32.76,32.019265499999996,1.0,0.7707345000000005,1.0,302.4075427274065,-0.27667661731693016,0.0,302.1308661100896,-0.000914913083257085,0.0003023161200524146,1.0,1.0,1.0
2016-03-23,32.67,32.73,32.195,32.21,2421835.0,0.0,1.0,32.515412826029,32.575128919374,32.042660420386,32.057589443722,2421835.0,0.5349999999999966,0.030000000000001137,0.5649999999999977,0.5649999999999977,0.7280950000000003,0.7420277500000003,0.0,0.0,0.0,0.0,3.0,4.0,2016-03-23,32.76,32.21,32.76,32.21,32.0039655,1.0,0.7560345000000005,1.0,302.1308661100896,-5.072404650810399,0.0,297.05846145927916,-0.01678876678876673,0.00030203961062093314,1.0,1.0,1.0
2016-03-24,32.0,32.35,31.72,32.18,1898452.0,0.0,1.0,31.848583117017,32.196926994859,31.569908014743,32.02773139705,1898452.0,0.6300000000000026,0.14000000000000057,0.490000000000002,0.6300000000000026,0.7225950000000004,0.7231902500000004,0.0,-1.0,0.0,0.0,3.0,4.0,2016-03-24,32.21,32.18,32.21,32.18,31.46797225,1.0,0.7420277500000003,1.0,297.05846145927916,-0.2766766173169418,0.7235217275383586,296.0582631144239,-0.0009313877677740168,0.0002969702439355165,1.0,1.0,1.0
2016-03-28,32.18,32.27,31.86,32.0,1497573.0,0.0,1.0,32.02773139705,32.117305537066,31.70924556588,31.848583117017,1497573.0,0.4100000000000037,0.09000000000000341,0.3200000000000003,0.4100000000000037,0.7095950000000005,0.7069652500000007,0.0,-1.0,0.0,0.0,,,2016-03-28,,,,,,,,,,,,,,,,,
2016-03-29,31.8,32.74,31.73,32.62,2211383.0,0.0,1.0,31.649529472535,32.585081601598,31.579860696967,32.465649414909,2211383.0,1.0100000000000016,0.740000000000002,0.2699999999999996,1.0100000000000016,0.7278450000000006,0.7246152500000006,0.0,0.0,0.0,0.0,,,2016-03-29,,,,,,,,,,,,,,,,,
2016-03-30,32.86,33.33,32.57,32.77,2138874.0,0.0,1.0,32.704513788286,33.172289852818,32.415886003788,32.61493964827,2138874.0,0.759999999999998,0.7100000000000009,0.04999999999999716,0.759999999999998,0.7075950000000006,0.7294527500000005,0.0,0.0,0.0,0.0,,,2016-03-30,,,,,,,,,,,,,,,,,
2016-03-31,32.72,33.04,32.6,32.98,3031820.0,0.0,1.0,32.56517623715,32.88366206832,32.445744050461,32.823945974975,3031820.0,0.4399999999999977,0.269999999999996,0.1700000000000017,0.4399999999999977,0.7055950000000004,0.6942152500000005,0.0,1.0,0.0,0.0,,,2016-03-31,,,,,,,,,,,,,,,,,
2016-04-01,32.67,32.83,32.22,32.49,2122600.0,0.0,1.0,32.515412826029,32.674655741614,32.067542125946,32.336264545996,2122600.0,0.6099999999999994,0.14999999999999858,0.759999999999998,0.759999999999998,0.6905950000000003,0.7083152500000003,0.0,0.0,0.0,0.0,,,2016-04-01,,,,,,,,,,,,,,,,,
2016-04-04,32.37,32.45,31.2799,31.39,2792559.0,0.0,1.0,32.216832359307,32.2964538171,31.131890470062,31.241469501349,2792559.0,1.1701000000000015,0.03999999999999915,1.2101000000000006,1.2101000000000006,0.7016000000000003,0.7165702500000003,-1.0,-1.0,0.0,-1.0,,,2016-04-04,,,,,,,,,,,,,,,,,
2016-04-05,31.14,31.51,30.81,31.25,4851952.0,0.0,1.0,30.992652445747,31.360901688037,30.664213932353,31.102131950212,4851952.0,0.7000000000000028,0.120000000000001,0.5800000000000018,0.7000000000000028,0.7131000000000005,0.7015200000000005,-1.0,-1.0,0.0,-1.0,11.0,1.0,2016-04-05,31.39,31.25,31.39,31.25,32.106570250000004,1.0,0.7165702500000003,-1.0,139.55365855615685,0.622411984640398,1.3955365855615685,138.78053395523568,0.004460019114367664,0.00013953418604999992,0.0,1.0,1.0
2016-04-06,31.27,31.33,30.82,31.22,3569520.0,0.0,1.0,31.12203731466,31.181753408004,30.674166614577,31.072273903539,3569520.0,0.509999999999998,0.0799999999999983,0.4299999999999997,0.509999999999998,0.7076000000000005,0.7029450000000004,-1.0,-1.0,0.0,-1.0,11.0,1.0,2016-04-06,31.25,31.22,31.25,31.22,31.951520000000002,1.0,0.7015200000000005,-1.0,138.78053395523568,0.13322931259703624,0.0,138.9137632678327,0.000960000000000072,0.00013876127659117804,0.0,1.0,1.0
2016-04-07,31.75,31.8,30.98,31.14,4313732.0,0.0,1.0,31.599766061415,31.649529472535,30.833409530162,30.992652445747,4313732.0,0.8200000000000003,0.5800000000000018,0.23999999999999844,0.8200000000000003,0.7206000000000004,0.7132200000000004,-1.0,-1.0,0.0,-1.0,11.0,1.0,2016-04-07,31.22,31.14,31.22,31.14,31.922945,1.0,0.7029450000000004,-1.0,138.9137632678327,0.35596095648386405,0.0,139.26972422431658,0.002562459961563013,0.00013889446891445872,0.0,1.0,1.0
2016-04-08,31.41,31.5,30.74,30.96,2676674.0,0.0,1.0,31.261374865797,31.350949005813,30.594545156784,30.813504165714,2676674.0,0.7600000000000016,0.35999999999999943,0.40000000000000213,0.7600000000000016,0.7101000000000004,0.7225700000000004,-1.0,-1.0,0.0,-1.0,11.0,1.0,2016-04-08,31.14,30.96,31.14,30.96,31.85322,1.0,0.7132200000000004,-1.0,139.26972422431658,0.805027307655001,0.0,140.07475153197157,0.00578034682080919,0.0001392503308691383,0.0,1.0,1.0
2016-04-11,31.17,31.6,31.02,31.11,2308763.0,0.0,1.0,31.022510492419,31.450475828054,30.873220259058,30.962794399075,2308763.0,0.5800000000000018,0.6400000000000006,0.05999999999999872,0.6400000000000006,0.6851000000000005,0.7065950000000004,0.0,0.0,0.0,0.0,11.0,2.0,2016-04-11,30.96,31.11,31.031714875,31.11,31.682570000000002,1.0,0.7225700000000004,-1.0,279.6284100881284,-0.7054313667639338,1.3955365855615685,277.5274421358029,-0.00252274569147537,0.0002795502398990057,0.0,1.0,1.0
2016-04-12,31.12,31.51,30.93,31.23,2470495.0,0.0,1.0,30.972747081299,31.360901688037,30.783646119041,31.082226585763,2470495.0,0.5800000000000018,0.40000000000000213,0.17999999999999972,0.5800000000000018,0.6736000000000004,0.6798450000000005,0.0,0.0,0.0,0.0,11.0,2.0,2016-04-12,31.11,31.23,31.11,31.23,31.816595,1.0,0.7065950000000004,-1.0,277.5274421358029,-1.0705012232817686,0.0,276.45694091252113,-0.0038572806171648373,0.0002774504420243084,0.0,1.0,1.0
2016-04-13,31.49,32.24,31.32,32.11,3093915.0,0.0,1.0,31.340996323589,32.087447490394,31.17180072578,31.958062621481,3093915.0,0.9200000000000017,1.0100000000000016,0.08999999999999986,1.0100000000000016,0.6816000000000004,0.6904200000000005,0.0,0.0,0.0,0.0,11.0,2.0,2016-04-13,31.23,32.11,31.23,32.11,31.909845,1.0,0.6798450000000005,-1.0,276.45694091252113,-7.790013064457814,1.3955365855615685,267.27139126250177,-0.02817803394172258,0.0002763805335956755,0.0,1.0,1.0
2016-04-14,32.12,32.28,31.77,31.94,1676337.0,0.0,1.0,31.968015303705,32.127258219291,31.619671425863,31.788867023672,1676337.0,0.5100000000000016,0.1700000000000017,0.33999999999999986,0.5100000000000016,0.6767550000000003,0.6730200000000005,0.0,0.0,0.0,0.0,,,2016-04-14,,,,,,,,,,,,,,,,,
2016-04-15,31.99,32.04,31.53,32.0,2000645.0,0.0,1.0,31.838630434793,31.888393845913,31.380807052485,31.848583117017,2000645.0,0.509999999999998,0.09999999999999787,0.41000000000000014,0.509999999999998,0.6742550000000002,0.6684172500000003,0.0,0.0,0.0,0.0,,,2016-04-15,,,,,,,,,,,,,,,,,
2016-04-18,31.78,32.275,31.78,31.99,1623050.0,0.0,1.0,31.629624108087,32.122281878178,31.629624108087,31.838630434793,1623050.0,0.49499999999999744,0.2749999999999986,0.21999999999999886,0.49499999999999744,0.6750050000000002,0.66529225,0.0,0.0,0.0,0.0,,,2016-04-18,,,,,,,,,,,,,,,,,
2016-04-19,32.22,32.6,31.81,32.15,2638058.0,0.0,1.0,32.067542125946,32.445744050461,31.659482154759,31.997873350378,2638058.0,0.7900000000000027,0.610000000000003,0.17999999999999972,0.7900000000000027,0.6805050000000004,0.6807547500000003,0.0,1.0,0.0,0.0,,,2016-04-19,,,,,,,,,,,,,,,,,
2016-04-20,32.15,32.545,32.05,32.3,1976040.0,0.0,1.0,31.997873350378,32.391004298228,31.898346528137,32.147163583739,1976040.0,0.49500000000000455,0.3950000000000031,0.10000000000000142,0.49500000000000455,0.6802550000000005,0.6712297500000005,0.0,1.0,0.0,0.0,,,2016-04-20,,,,,,,,,,,,,,,,,
2016-04-21,32.31,32.63,32.09,32.29,1459814.0,0.0,1.0,32.157116265963,32.475602097133,31.938157257033,32.137210901515,1459814.0,0.5399999999999991,0.3300000000000054,0.20999999999999375,0.5399999999999991,0.6790050000000006,0.6732422500000005,0.0,0.0,0.0,0.0,,,2016-04-21,,,,,,,,,,,,,,,,,
2016-04-22,32.28,32.56,32.09,32.38,2111462.0,0.0,1.0,32.127258219291,32.405933321564,31.938157257033,32.226785041531,2111462.0,0.46999999999999886,0.2700000000000031,0.19999999999999574,0.46999999999999886,0.6710050000000004,0.6685547500000005,0.0,1.0,0.0,0.0,,,2016-04-22,,,,,,,,,,,,,,,,,
2016-04-25,32.38,32.38,31.88,32.22,1451487.0,0.0,1.0,32.226785041531,32.226785041531,31.729150930328,32.067542125946,1451487.0,0.5000000000000036,0.0,0.5000000000000036,0.5000000000000036,0.6755050000000005,0.6624547500000005,0.0,0.0,0.0,0.0,,,2016-04-25,,,,,,,,,,,,,,,,,
2016-04-26,32.23,32.92,32.13,32.78,2387098.0,0.0,1.0,32.07749480817,32.764229881631,31.97796798593,32.624892330494,2387098.0,0.7899999999999991,0.7000000000000028,0.0899999999999963,0.7899999999999991,0.6645050000000003,0.6812297500000004,0.0,1.0,0.0,0.0,,,2016-04-26,,,,,,,,,,,,,,,,,
2016-04-27,29.67,31.14,29.47,30.34,12537101.0,0.0,1.0,29.529608158809,30.992652445747,29.330554514328,30.196437867821,12537101.0,1.6700000000000017,1.6400000000000006,3.3100000000000023,3.3100000000000023,0.7920050000000005,0.7967797500000005,-1.0,-1.0,0.0,-1.0,,,2016-04-27,,,,,,,,,,,,,,,,,
2016-04-28,30.02,30.68,29.755,29.885,4665350.0,0.07,1.0,29.947935528121,30.606351165981,29.683571673525,29.813259602195,4665350.0,0.9250000000000007,0.33999999999999986,0.5850000000000009,0.9250000000000007,0.8162550000000006,0.7986547500000005,-1.0,-1.0,0.0,-1.0,16.0,1.0,2016-04-28,30.34,29.885,30.34,29.885,31.13677975,1.0,0.7967797500000005,-1.0,125.50519764087873,1.8821643021291896,1.2550519764087873,126.13230996659912,0.01499670402109421,0.00012548944806289777,1.0,1.0,1.0
2016-04-29,29.74,29.94,28.515,28.97,6978222.0,0.0,1.0,29.668607681756,29.868127572016,28.446548353909,28.900456104252,6978222.0,1.4250000000000007,0.054999999999999716,1.370000000000001,1.4250000000000007,0.8495050000000008,0.8466922500000006,-1.0,-1.0,0.0,-1.0,16.0,2.0,2016-04-29,29.885,28.97,29.941610125,28.97,30.683654750000002,1.0,0.7986547500000005,-1.0,251.63750760747786,8.165678104834058,1.2550519764087873,258.54813373590315,0.03245016286511415,0.0002515742021022825,1.0,1.0,1.0
2016-05-02,29.21,29.21,28.565,28.77,4470862.0,0.0,1.0,29.139879972565,29.139879972565,28.496428326475,28.700936213992,4470862.0,0.6449999999999996,0.240000000000002,0.4049999999999976,0.6449999999999996,0.8212500000000007,0.8392797500000008,-1.0,-1.0,-1.0,-1.0,16.0,4.0,2016-05-02,28.97,28.77,29.144830374999998,28.77,29.81669225,1.0,0.8466922500000006,-1.0,509.5585290176606,6.553409714814222,1.2550519764087873,514.8568867560659,0.012860955791375028,0.0005092990113626006,1.0,1.0,1.0
2016-05-03,28.42,28.585,27.74,28.43,3582375.0,0.0,1.0,28.351776406036,28.516380315501,27.67340877915,28.361752400549,3582375.0,0.8450000000000024,0.18499999999999872,1.0300000000000011,1.0300000000000011,0.8377500000000007,0.8316875000000007,-1.0,-1.0,-1.0,-1.0,16.0,4.0,2016-05-03,28.77,28.43,28.77,28.43,29.60927975,1.0,0.8392797500000008,-1.0,514.8568867560659,6.084509610603483,0.0,520.9413963666694,0.011817865832464358,0.0005145919455490308,1.0,1.0,1.0
2016-05-04,28.15,28.29,27.5985,27.73,6236009.0,0.0,1.0,28.082424554184,28.222088477366,27.53224845679,27.663432784636,6236009.0,0.6914999999999978,0.14000000000000057,0.8314999999999984,0.8314999999999984,0.8538250000000007,0.8374375000000006,-1.0,-1.0,-1.0,-1.0,16.0,5.0,2016-05-04,28.43,27.73,28.7464405,27.73,29.2616875,1.0,0.8316875000000007,-1.0,646.4465940075481,22.85759515987127,1.2550519764087873,668.0491371910106,0.035358829904523215,0.0006460289707797574,1.0,1.0,1.0
2016-05-05,27.99,28.185,27.68,27.89,4404847.0,0.0,1.0,27.922808641975,28.117340534979,27.613552812071,27.823048696845,4404847.0,0.504999999999999,0.4549999999999983,0.05000000000000071,0.504999999999999,0.8380750000000006,0.8363837500000006,0.0,0.0,0.0,0.0,16.0,6.0,2016-05-05,27.73,27.89,28.348050625,27.89,28.5674375,1.0,0.8374375000000006,-1.0,793.5543348318893,12.822329967219966,1.2550519764087873,805.1216128227004,0.01615809958361114,0.0007929251056770822,1.0,1.0,1.0
2016-05-06,27.81,28.21,27.63,28.19,4709427.0,0.0,1.0,27.743240740741,28.142280521262,27.563672839506,28.122328532236,4709427.0,0.5800000000000018,0.3200000000000003,0.26000000000000156,0.5800000000000018,0.8290750000000007,0.8251712500000007,0.0,0.0,0.0,0.0,16.0,6.0,2016-05-06,27.89,28.19,27.89,28.19,28.72638375,1.0,0.8363837500000006,-1.0,805.1216128227004,-8.660325702646407,0.0,796.461287120054,-0.010756543564001353,0.0008044739134879991,1.0,1.0,1.0
2016-05-09,28.29,28.62,28.17,28.18,3163211.0,0.0,1.0,28.222088477366,28.551296296296,28.10237654321,28.112352537723,3163211.0,0.4499999999999993,0.4299999999999997,0.019999999999999574,0.4499999999999993,0.8195750000000006,0.8101212500000006,0.0,0.0,0.0,0.0,16.0,6.0,2016-05-09,28.19,28.18,28.19,28.18,29.01517125,1.0,0.8251712500000007,-1.0,796.461287120054,0.28253326964179426,0.0,796.7438203896958,0.0003547357218872671,0.0007958274413717736,1.0,1.0,1.0
2016-05-10,28.3,28.63,28.235,28.41,2936623.0,0.0,1.0,28.232064471879,28.561272290809,28.167220507545,28.341800411523,2936623.0,0.3949999999999996,0.4499999999999993,0.054999999999999716,0.4499999999999993,0.8130750000000004,0.8010962500000005,0.0,0.0,0.0,0.0,16.0,6.0,2016-05-10,28.18,28.41,28.18,28.41,28.99012125,1.0,0.8101212500000006,-1.0,796.7438203896958,-6.502877171385048,0.0,790.2409432183107,-0.008161816891412377,0.0007961095250452625,1.0,1.0,1.0
2016-05-11,28.39,28.66,27.935,27.95,2290562.0,0.0,1.0,28.321848422497,28.591200274348,27.867940672154,27.882904663923,2290562.0,0.7250000000000014,0.25,0.4750000000000014,0.7250000000000014,0.7988250000000005,0.8086712500000004,0.0,0.0,0.0,0.0,16.0,6.0,2016-05-11,28.41,27.95,28.41,27.95,29.21109625,1.0,0.8010962500000005,-1.0,790.2409432183107,12.795171907089898,0.0,803.0361151254006,0.016191481872580127,0.0007896169555705595,1.0,1.0,1.0
2016-05-12,28.06,28.49,27.8,27.99,2161551.0,0.0,1.0,27.992640603567,28.421608367627,27.733264746228,27.922808641975,2161551.0,0.6899999999999977,0.5399999999999991,0.14999999999999858,0.6899999999999977,0.8078250000000002,0.7933837500000003,0.0,0.0,0.0,0.0,16.0,6.0,2016-05-12,27.95,27.99,27.95,27.99,28.75867125,1.0,0.8086712500000004,-1.0,803.0361151254006,-1.149246676386878,0.0,801.8868684490137,-0.0014311270125222375,0.0008023917655591773,1.0,1.0,1.0
2016-05-13,27.85,28.41,27.59,27.65,2273166.0,0.0,1.0,27.783144718793,28.341800411523,27.523768861454,27.583624828532,2273166.0,0.8200000000000003,0.4200000000000017,0.3999999999999986,0.8200000000000003,0.8233250000000003,0.8084337500000002,-1.0,-1.0,-1.0,-1.0,16.0,6.0,2016-05-13,27.99,27.65,27.99,27.65,28.78338375,1.0,0.7933837500000003,-1.0,801.8868684490137,9.740676501345659,0.0,811.6275449503594,0.012147195426938207,0.0008012443611174148,1.0,1.0,1.0
2016-05-16,27.75,28.0,27.465,27.56,3835900.0,0.0,1.0,27.683384773663,27.932784636488,27.399068930041,27.493840877915,3835900.0,0.5350000000000001,0.3500000000000014,0.18499999999999872,0.5350000000000001,0.8253250000000005,0.8089087500000003,-1.0,-1.0,-1.0,-1.0,16.0,6.0,2016-05-16,27.65,27.56,27.65,27.56,28.458433749999998,1.0,0.8084337500000002,-1.0,811.6275449503594,2.6418256435997116,0.0,814.2693705939591,0.0032549728752260254,0.0008109693398959896,1.0,1.0,1.0
2016-05-17,27.45,27.965,27.33,27.49,3500817.0,0.0,1.0,27.384104938272,27.897868655693,27.264393004115,27.424008916324,3500817.0,0.6350000000000016,0.40500000000000114,0.23000000000000043,0.6350000000000016,0.8175750000000004,0.8158087500000006,-1.0,-1.0,-1.0,-1.0,16.0,6.0,2016-05-17,27.56,27.49,27.56,27.49,28.36890875,1.0,0.8089087500000003,-1.0,814.2693705939591,2.068173292510052,0.0,816.3375438864692,0.002539912917271403,0.0008136068754355873,1.0,1.0,1.0
2016-05-18,27.44,27.83,27.19,27.41,2503951.0,0.0,1.0,27.374128943759,27.763192729767,27.124729080933,27.344200960219,2503951.0,0.639999999999997,0.33999999999999986,0.29999999999999716,0.639999999999997,0.824825,0.8086962500000002,-1.0,-1.0,-1.0,-1.0,16.0,6.0,2016-05-18,27.49,27.41,27.49,27.41,28.30580875,1.0,0.8158087500000006,-1.0,816.3375438864692,2.3756640054898734,0.0,818.7132078919591,0.002910149145143648,0.0008156716804702164,1.0,1.0,1.0
2016-05-19,27.19,27.42,26.85,27.06,3300319.0,0.0,1.0,27.124729080933,27.354176954733,26.78554526749,26.995041152263,3300319.0,0.5700000000000003,0.010000000000001563,0.5599999999999987,0.5700000000000003,0.8263250000000001,0.81208375,-1.0,-1.0,-1.0,-1.0,16.0,6.0,2016-05-19,27.41,27.06,27.41,27.06,28.21869625,1.0,0.8086962500000002,-1.0,818.7132078919591,10.454200027806847,0.0,829.1674079197659,0.012769062385990513,0.0008180434649026137,1.0,1.0,1.0
2016-05-20,27.25,27.63,27.07,27.17,2828534.0,0.0,1.0,27.184585048011,27.563672839506,27.005017146776,27.104777091907,2828534.0,0.5599999999999987,0.5700000000000003,0.010000000000001563,0.5700000000000003,0.8313250000000002,0.8135087500000001,0.0,0.0,0.0,0.0,16.0,6.0,2016-05-20,27.06,27.17,27.06,27.17,27.872083749999998,1.0,0.81208375,-1.0,829.1674079197659,-3.3705992191861047,0.0,825.7968087005797,-0.004065040650406582,0.0008284804589251268,1.0,1.0,1.0
2016-05-23,27.2,27.35,26.84,26.93,2445047.0,0.0,1.0,27.134705075446,27.284344993141,26.775569272977,26.865353223594,2445047.0,0.5100000000000016,0.17999999999999972,0.33000000000000185,0.5100000000000016,0.831825,0.8152587500000003,-1.0,-1.0,-1.0,-1.0,16.0,6.0,2016-05-23,27.17,26.93,27.17,26.93,27.983508750000002,1.0,0.8135087500000001,-1.0,825.7968087005797,7.294487820689752,0.0,833.0912965212694,0.008833271991166791,0.0008251154310108415,1.0,1.0,1.0
2016-05-24,27.42,27.99,27.19,27.89,3697030.0,0.0,1.0,27.354176954733,27.922808641975,27.124729080933,27.823048696845,3697030.0,0.7999999999999972,1.0599999999999987,0.26000000000000156,1.0599999999999987,0.8453250000000001,0.8432337499999999,0.0,0.0,0.0,0.0,16.0,6.0,2016-05-24,26.93,27.89,26.93,27.89,27.74525875,1.0,0.8152587500000003,-1.0,833.0912965212694,-29.698018739711156,1.2550519764087873,802.1382258051494,-0.03564797623468263,0.0008323978331312447,1.0,1.0,1.0
2016-05-25,27.96,28.12,27.53,27.59,4600899.0,0.0,1.0,27.892880658436,28.052496570645,27.463912894376,27.523768861454,4600899.0,0.5899999999999999,0.23000000000000043,0.35999999999999943,0.5899999999999999,0.709325,0.8325587500000001,0.0,0.0,0.0,0.0,,,2016-05-25,,,,,,,,,,,,,,,,,
2016-05-26,27.56,27.79,27.37,27.37,2888756.0,0.0,1.0,27.493840877915,27.723288751715,27.304296982167,27.304296982167,2888756.0,0.41999999999999815,0.1999999999999993,0.21999999999999886,0.41999999999999815,0.6840749999999998,0.6948587499999999,0.0,0.0,0.0,0.0,,,2016-05-26,,,,,,,,,,,,,,,,,
2016-05-27,27.4,27.8,27.4,27.79,2305357.0,0.0,1.0,27.334224965706,27.733264746228,27.334224965706,27.723288751715,2305357.0,0.40000000000000213,0.4299999999999997,0.029999999999997584,0.4299999999999997,0.6343249999999998,0.6713712499999998,0.0,0.0,0.0,0.0,,,2016-05-27,,,,,,,,,,,,,,,,,
2016-05-31,27.91,28.05,27.79,27.97,3161911.0,0.0,1.0,27.843000685871,27.982664609053,27.723288751715,27.902856652949,3161911.0,0.26000000000000156,0.26000000000000156,0.0,0.26000000000000156,0.6150749999999998,0.6156087499999999,0.0,1.0,0.0,0.0,,,2016-05-31,,,,,,,,,,,,,,,,,
2016-06-01,27.78,27.905,27.19,27.375,3265933.0,0.0,1.0,27.713312757202,27.838012688615,27.124729080933,27.309284979424,3265933.0,0.7149999999999999,0.06499999999999773,0.7799999999999976,0.7799999999999976,0.6025749999999996,0.6233212499999997,0.0,0.0,0.0,0.0,,,2016-06-01,,,,,,,,,,,,,,,,,
2016-06-02,27.38,27.74,27.32,27.49,1715983.0,0.0,1.0,27.31427297668,27.67340877915,27.254417009602,27.424008916324,1715983.0,0.41999999999999815,0.36499999999999844,0.054999999999999716,0.41999999999999815,0.5819999999999996,0.5934462499999996,0.0,0.0,0.0,0.0,,,2016-06-02,,,,,,,,,,,,,,,,,
2016-06-03,27.32,27.37,26.71,27.12,2697047.0,0.0,1.0,27.254417009602,27.304296982167,26.645881344307,27.054897119342,2697047.0,0.6600000000000001,0.11999999999999744,0.7799999999999976,0.7799999999999976,0.5957499999999996,0.5918999999999995,0.0,0.0,0.0,0.0,,,2016-06-03,,,,,,,,,,,,,,,,,
2016-06-06,27.01,27.17,26.74,27.16,3642497.0,0.0,1.0,26.945161179698,27.104777091907,26.675809327846,27.094801097394,3642497.0,0.43000000000000327,0.05000000000000071,0.38000000000000256,0.43000000000000327,0.5882499999999997,0.5874624999999998,0.0,0.0,0.0,0.0,,,2016-06-06,,,,,,,,,,,,,,,,,
2016-06-07,27.19,27.6,27.04,27.34,2431463.0,0.0,1.0,27.124729080933,27.533744855967,26.975089163237,27.274368998628,2431463.0,0.5600000000000023,0.4400000000000013,0.120000000000001,0.5600000000000023,0.5937499999999998,0.5868374999999999,0.0,0.0,0.0,0.0,,,2016-06-07,,,,,,,,,,,,,,,,,
2016-06-08,27.3,28.01,27.25,27.92,3025046.0,0.0,1.0,27.234465020576,27.942760631001,27.184585048011,27.852976680384,3025046.0,0.7600000000000016,0.6700000000000017,0.08999999999999986,0.7600000000000016,0.60925,0.6020625,0.0,0.0,0.0,0.0,,,2016-06-08,,,,,,,,,,,,,,,,,
2016-06-09,27.92,27.95,27.48,27.74,2257785.0,0.0,1.0,27.852976680384,27.882904663923,27.414032921811,27.67340877915,2257785.0,0.46999999999999886,0.029999999999997584,0.4400000000000013,0.46999999999999886,0.5964999999999998,0.6022874999999999,0.0,0.0,0.0,0.0,,,2016-06-09,,,,,,,,,,,,,,,,,
2016-06-10,27.44,27.78,27.25,27.42,3327006.0,0.0,1.0,27.374128943759,27.713312757202,27.184585048011,27.354176954733,3327006.0,0.5300000000000011,0.0400000000000027,0.48999999999999844,0.5300000000000011,0.5885,0.5931749999999999,0.0,0.0,0.0,0.0,,,2016-06-10,,,,,,,,,,,,,,,,,
2016-06-13,27.38,27.43,27.0,27.01,2222257.0,0.0,1.0,27.31427297668,27.364152949246,26.935185185185,26.945161179698,2222257.0,0.4299999999999997,0.00999999999999801,0.4200000000000017,0.4299999999999997,0.569,0.580575,0.0,-1.0,0.0,0.0,,,2016-06-13,,,,,,,,,,,,,,,,,
2016-06-14,27.0,27.07,26.375,26.6,2905087.0,0.0,1.0,26.935185185185,27.005017146776,26.311685528121,26.536145404664,2905087.0,0.6950000000000003,0.05999999999999872,0.6350000000000016,0.6950000000000003,0.577,0.5753,-1.0,-1.0,-1.0,-1.0,,,2016-06-14,,,,,,,,,,,,,,,,,
2016-06-15,26.62,27.27,26.51,26.83,2157715.0,0.0,1.0,26.55609739369,27.204537037037,26.446361454047,26.765593278464,2157715.0,0.759999999999998,0.6699999999999982,0.08999999999999986,0.759999999999998,0.5832499999999998,0.5861499999999998,0.0,0.0,0.0,0.0,28.0,1.0,2016-06-15,26.6,26.83,26.6,26.83,27.1753,1.0,0.5753,-1.0,173.82235355466713,-1.5029752375027352,1.7382235355466713,170.58115478161773,-0.008646616541353236,0.0001737921445950643,0.0,1.0,1.0
2016-06-16,26.6,27.13,26.285,27.08,2743529.0,0.0,1.0,26.536145404664,27.064873113855,26.221901577503,27.014993141289,2743529.0,0.8449999999999989,0.3000000000000007,0.5449999999999982,0.8449999999999989,0.5934999999999999,0.5963374999999997,0.0,0.0,0.0,0.0,28.0,1.0,2016-06-16,26.83,27.08,26.83,27.08,27.41615,1.0,0.5861499999999998,-1.0,170.58115478161773,-1.5894628660232901,0.0,168.99169191559443,-0.0093179276928812,0.0001705520618139631,0.0,1.0,1.0
2016-06-17,26.98,27.38,26.89,27.35,3654194.0,0.0,1.0,26.915233196159,27.31427297668,26.825449245542,27.284344993141,3654194.0,0.48999999999999844,0.3000000000000007,0.18999999999999773,0.48999999999999844,0.5894999999999998,0.5883249999999999,0.0,0.0,0.0,0.0,28.0,1.0,2016-06-17,27.08,27.35,27.08,27.35,27.6763375,1.0,0.5963374999999997,-1.0,168.99169191559443,-1.6849245501185894,0.0,167.30676736547585,-0.009970457902511276,0.00016896313854893968,0.0,1.0,1.0
2016-06-20,27.72,28.07,27.53,27.56,2082139.0,0.0,1.0,27.653456790123,28.00261659808,27.463912894376,27.493840877915,2082139.0,0.5399999999999991,0.7199999999999989,0.17999999999999972,0.7199999999999989,0.5969999999999998,0.5960249999999998,0.0,0.0,0.0,0.0,28.0,1.0,2016-06-20,27.35,27.56,27.35,27.56,27.938325000000003,1.0,0.5883249999999999,-1.0,167.30676736547585,-1.2846223454021801,0.0,166.02214502007368,-0.00767824497257763,0.00016727878049346265,0.0,1.0,1.0
2016-06-21,27.54,27.54,27.055,27.23,2176637.0,0.0,1.0,27.473888888889,27.473888888889,26.990053155007,27.164633058985,2176637.0,0.48499999999999943,0.019999999999999574,0.504999999999999,0.504999999999999,0.5967499999999996,0.5923999999999997,0.0,0.0,0.0,0.0,28.0,1.0,2016-06-21,27.56,27.23,27.56,27.23,28.156025,1.0,0.5960249999999998,-1.0,166.02214502007368,1.9879284418223615,0.0,168.01007346189604,0.011973875181422344,0.00016599458624280393,0.0,1.0,1.0
2016-06-22,27.21,27.59,27.01,27.2,2046229.0,0.0,1.0,27.144681069959,27.523768861454,26.945161179698,27.134705075446,2046229.0,0.5799999999999983,0.35999999999999943,0.21999999999999886,0.5799999999999983,0.5727499999999995,0.5959124999999995,0.0,0.0,0.0,0.0,28.0,1.0,2016-06-22,27.23,27.2,27.23,27.2,27.822400000000002,1.0,0.5923999999999997,-1.0,168.01007346189604,0.1851010724883245,0.0,168.19517453438436,0.0011017260374587279,0.0001679818508187997,0.0,1.0,1.0
2016-06-23,27.42,27.715,27.32,27.41,2756765.0,0.0,1.0,27.354176954733,27.648468792867,27.254417009602,27.344200960219,2756765.0,0.3949999999999996,0.5150000000000006,0.120000000000001,0.5150000000000006,0.5689999999999996,0.5698624999999996,0.0,0.0,0.0,0.0,28.0,1.0,2016-06-23,27.2,27.41,27.2,27.41,27.7959125,1.0,0.5959124999999995,-1.0,168.19517453438436,-1.2985656857434227,0.0,166.89660884864094,-0.007720588235294201,0.00016816688967502457,0.0,1.0,1.0
2016-06-24,26.12,26.51,25.53,25.57,6036940.0,0.0,1.0,26.057297668038,26.446361454047,25.46871399177,25.508617969822,6036940.0,0.9800000000000004,0.8999999999999986,1.879999999999999,1.879999999999999,0.6419999999999997,0.6345499999999996,-1.0,-1.0,-1.0,-1.0,28.0,1.0,2016-06-24,27.41,25.57,27.41,25.57,27.9798625,1.0,0.5698624999999996,-1.0,166.89660884864094,11.20356659180954,0.0,178.10017544045047,0.0671287851149216,0.00016686875901863796,0.0,1.0,1.0
2016-06-27,25.21,25.21,24.4,24.53,5691206.0,0.0,1.0,25.149482167353,25.149482167353,24.341426611797,24.471114540466,5691206.0,0.8100000000000023,0.35999999999999943,1.1700000000000017,1.1700000000000017,0.6789999999999997,0.6683999999999998,-1.0,-1.0,-1.0,-1.0,28.0,4.0,2016-06-27,25.57,24.53,25.73705,24.53,26.20455,1.0,0.6345499999999996,-1.0,699.5672361044518,32.809223758739904,1.7382235355466713,730.638236327645,0.046899314412490845,0.000699078183911512,0.0,1.0,1.0
2016-06-28,24.7,25.34,24.65,25.26,3923899.0,0.0,1.0,24.640706447188,25.279170096022,24.590826474623,25.199362139918,3923899.0,0.6900000000000013,0.8099999999999987,0.11999999999999744,0.8099999999999987,0.7064999999999996,0.6855499999999997,0.0,0.0,0.0,0.0,28.0,6.0,2016-06-28,24.53,25.26,25.16175,25.26,25.1984,1.0,0.6683999999999998,-1.0,1078.2829434369792,-4.210410611053726,1.7382235355466713,1072.3343092903788,-0.003904736355778038,0.0010771215016936936,0.0,1.0,1.0
2016-06-29,25.22,25.61,25.22,25.43,3577932.0,0.0,1.0,25.159458161866,25.548521947874,25.159458161866,25.368954046639,3577932.0,0.39000000000000057,0.34999999999999787,0.0400000000000027,0.39000000000000057,0.6869999999999997,0.6906749999999996,0.0,0.0,0.0,0.0,,,2016-06-29,,,,,,,,,,,,,,,,,
2016-06-30,25.56,25.66,25.17,25.66,4677019.0,0.0,1.0,25.498641975309,25.598401920439,25.1095781893,25.598401920439,4677019.0,0.48999999999999844,0.23000000000000043,0.259999999999998,0.48999999999999844,0.6904999999999998,0.6771499999999997,0.0,0.0,0.0,0.0,,,2016-06-30,,,,,,,,,,,,,,,,,
2016-07-01,25.71,26.52,25.7,25.9,3151586.0,0.0,1.0,25.648281893004,26.45633744856,25.638305898491,25.837825788752,3151586.0,0.8200000000000003,0.8599999999999994,0.03999999999999915,0.8599999999999994,0.6944999999999999,0.6989749999999997,0.0,0.0,0.0,0.0,,,2016-07-01,,,,,,,,,,,,,,,,,
2016-07-05,25.75,25.785,24.85,24.93,3481406.0,0.0,1.0,25.688185871056,25.723101851852,24.790346364883,24.870154320988,3481406.0,0.9349999999999987,0.11499999999999844,1.0499999999999972,1.0499999999999972,0.7254999999999996,0.7122749999999998,0.0,0.0,0.0,0.0,,,2016-07-05,,,,,,,,,,,,,,,,,
2016-07-06,24.84,25.27,24.306,25.25,3415647.0,0.0,1.0,24.78037037037,25.209338134431,24.247652263374,25.189386145405,3415647.0,0.9639999999999986,0.33999999999999986,0.6239999999999988,0.9639999999999986,0.7456999999999994,0.7374249999999996,0.0,0.0,0.0,0.0,,,2016-07-06,,,,,,,,,,,,,,,,,
2016-07-07,25.29,25.85,25.29,25.62,2424932.0,0.0,1.0,25.229290123457,25.787945816187,25.229290123457,25.558497942387,2424932.0,0.5600000000000023,0.6000000000000014,0.03999999999999915,0.6000000000000014,0.7376999999999994,0.7384149999999995,0.0,0.0,0.0,0.0,,,2016-07-07,,,,,,,,,,,,,,,,,
2016-07-08,25.89,26.74,25.89,26.53,3730862.0,0.0,1.0,25.827849794239,26.675809327846,25.827849794239,26.466313443073,3730862.0,0.8499999999999979,1.1199999999999974,0.2699999999999996,1.1199999999999974,0.7701999999999993,0.7568149999999992,0.0,1.0,0.0,0.0,,,2016-07-08,,,,,,,,,,,,,,,,,
2016-07-11,26.71,27.12,26.59,26.66,2772488.0,0.0,1.0,26.645881344307,27.054897119342,26.526169410151,26.596001371742,2772488.0,0.5300000000000011,0.5899999999999999,0.05999999999999872,0.5899999999999999,0.7731999999999992,0.7611899999999994,0.0,1.0,0.0,0.0,,,2016-07-11,,,,,,,,,,,,,,,,,
2016-07-12,26.94,27.605,26.9,27.11,4515630.0,0.0,1.0,26.875329218107,27.538732853224,26.835425240055,27.044921124829,4515630.0,0.7050000000000018,0.9450000000000003,0.23999999999999844,0.9450000000000003,0.7989499999999993,0.7817899999999993,0.0,1.0,0.0,0.0,,,2016-07-12,,,,,,,,,,,,,,,,,
2016-07-13,27.14,27.28,26.52,26.58,4681311.0,0.0,1.0,27.074849108368,27.21451303155,26.45633744856,26.516193415638,4681311.0,0.7600000000000016,0.1700000000000017,0.5899999999999999,0.7600000000000016,0.8021999999999994,0.7970024999999994,0.0,0.0,0.0,0.0,,,2016-07-13,,,,,,,,,,,,,,,,,
2016-07-14,26.91,27.0,26.51,26.64,3396581.0,0.0,1.0,26.845401234568,26.935185185185,26.446361454047,26.576049382716,3396581.0,0.48999999999999844,0.4200000000000017,0.06999999999999673,0.48999999999999844,0.7886999999999993,0.7865899999999992,0.0,0.0,0.0,0.0,,,2016-07-14,,,,,,,,,,,,,,,,,
2016-07-15,26.73,26.73,26.36,26.52,2750780.0,0.0,1.0,26.665833333333,26.665833333333,26.296721536351,26.45633744856,2750780.0,0.370000000000001,0.08999999999999986,0.28000000000000114,0.370000000000001,0.7649499999999995,0.7677649999999994,0.0,0.0,0.0,0.0,,,2016-07-15,,,,,,,,,,,,,,,,,
2016-07-18,26.52,26.61,26.26,26.52,2148414.0,0.0,1.0,26.45633744856,26.546121399177,26.196961591221,26.45633744856,2148414.0,0.34999999999999787,0.08999999999999986,0.259999999999998,0.34999999999999787,0.7579499999999995,0.7442024999999994,0.0,0.0,0.0,0.0,,,2016-07-18,,,,,,,,,,,,,,,,,
2016-07-19,26.48,26.69,26.37,26.53,2735263.0,0.0,1.0,26.416433470508,26.625929355281,26.306697530864,26.466313443073,2735263.0,0.3200000000000003,0.1700000000000017,0.14999999999999858,0.3200000000000003,0.7379499999999994,0.7360524999999994,0.0,0.0,0.0,0.0,,,2016-07-19,,,,,,,,,,,,,,,,,
2016-07-20,26.59,26.8,26.49,26.63,1574147.0,0.0,1.0,26.526169410151,26.735665294925,26.426409465021,26.566073388203,1574147.0,0.3100000000000023,0.2699999999999996,0.0400000000000027,0.3100000000000023,0.7281999999999996,0.7165524999999996,0.0,0.0,0.0,0.0,,,2016-07-20,,,,,,,,,,,,,,,,,
2016-07-21,26.7,27.15,26.7,27.08,2144596.0,0.0,1.0,26.635905349794,27.084825102881,26.635905349794,27.014993141289,2144596.0,0.4499999999999993,0.5199999999999996,0.07000000000000028,0.5199999999999996,0.7251999999999997,0.7177899999999997,0.0,0.0,0.0,0.0,,,2016-07-21,,,,,,,,,,,,,,,,,
2016-07-22,26.95,27.11,26.7,27.05,1608768.0,0.0,1.0,26.88530521262,27.044921124829,26.635905349794,26.98506515775,1608768.0,0.41000000000000014,0.030000000000001137,0.379999999999999,0.41000000000000014,0.7199499999999996,0.7094399999999997,0.0,0.0,0.0,0.0,,,2016-07-22,,,,,,,,,,,,,,,,,
2016-07-25,27.04,27.43,26.87,27.01,2317649.0,0.0,1.0,27.04,27.43,26.87,27.01,2317649.0,0.5599999999999987,0.379999999999999,0.17999999999999972,0.5599999999999987,0.6539499999999997,0.7119524999999995,0.0,0.0,0.0,0.0,,,2016-07-25,,,,,,,,,,,,,,,,,
2016-07-26,27.11,28.01,26.86,27.91,5001603.0,0.0,1.0,27.11,28.01,26.86,27.91,5001603.0,1.1500000000000021,1.0,0.15000000000000213,1.1500000000000021,0.6529499999999997,0.6787524999999998,1.0,1.0,0.0,1.0,,,2016-07-26,,,,,,,,,,,,,,,,,
2016-07-27,28.82,29.49,28.6,29.09,8635814.0,0.0,1.0,28.82,29.49,28.6,29.09,8635814.0,0.889999999999997,1.5799999999999983,0.6900000000000013,1.5799999999999983,0.6914499999999997,0.6993024999999996,1.0,1.0,1.0,1.0,31.0,1.0,2016-07-27,27.91,29.09,27.91,29.09,27.231247500000002,1.0,0.6787524999999998,1.0,147.32910744343488,6.22889096321222,1.4732910744343488,152.08470733221276,0.04227875313507701,0.00014730740477496957,0.0,1.0,1.0
2016-07-28,28.81,28.83,28.3111,28.74,3953517.0,0.0,1.0,28.81,28.83,28.3111,28.74,3953517.0,0.5188999999999986,0.26000000000000156,0.7789000000000001,0.7789000000000001,0.7108949999999996,0.6958224999999997,0.0,0.0,0.0,0.0,31.0,4.0,2016-07-28,29.09,28.74,28.92812875,28.74,28.3906975,1.0,0.6993024999999996,1.0,594.0720296625175,-3.863437877929538,1.4732910744343488,588.7353007101536,-0.006503315566168455,0.0005937193176224477,0.0,1.0,1.0
2016-07-29,28.69,29.09,28.51,28.67,2837621.0,0.0,1.0,28.69,29.09,28.51,28.67,2837621.0,0.5799999999999983,0.3500000000000014,0.22999999999999687,0.5799999999999983,0.7153949999999997,0.7043502499999995,0.0,0.0,0.0,0.0,31.0,4.0,2016-07-29,28.74,28.67,28.74,28.67,28.0441775,1.0,0.6958224999999997,1.0,588.7353007101536,-1.4339412334623929,0.0,587.3013594766912,-0.002435629784272697,0.0005883888953968876,0.0,1.0,1.0
2016-08-01,28.65,28.84,28.43,28.78,3669899.0,0.0,1.0,28.65,28.84,28.43,28.78,3669899.0,0.41000000000000014,0.16999999999999815,0.240000000000002,0.41000000000000014,0.6928949999999997,0.7001252499999997,0.0,0.0,0.0,0.0,31.0,4.0,2016-08-01,28.67,28.78,28.67,28.78,27.96564975,1.0,0.7043502499999995,1.0,587.3013594766912,2.2533362240123544,0.0,589.5546957007036,0.0038367631670734874,0.0005869566390446265,0.0,1.0,1.0
2016-08-02,28.6,28.71,27.54,27.57,4817165.0,0.0,1.0,28.6,28.71,27.54,27.57,4817165.0,1.1700000000000017,0.07000000000000028,1.240000000000002,1.240000000000002,0.7023949999999999,0.7202502499999998,0.0,0.0,0.0,0.0,31.0,4.0,2016-08-02,28.78,27.57,28.78,27.57,28.079874750000002,1.0,0.7001252499999997,1.0,589.5546957007036,-24.786698464136645,1.4732910744343488,563.2947061621327,-0.04204308547602509,0.0005892073257550635,0.0,1.0,1.0
2016-08-03,27.54,27.97,27.53,27.92,3328013.0,0.0,1.0,27.54,27.97,27.53,27.92,3328013.0,0.4399999999999977,0.3999999999999986,0.03999999999999915,0.4399999999999977,0.6761949999999999,0.6892752499999998,0.0,0.0,0.0,0.0,,,2016-08-03,,,,,,,,,,,,,,,,,
2016-08-04,27.94,28.5,27.94,28.15,3155198.0,0.0,1.0,27.94,28.5,27.94,28.15,3155198.0,0.5599999999999987,0.5799999999999983,0.019999999999999574,0.5799999999999983,0.6751949999999998,0.6713852499999998,0.0,0.0,0.0,0.0,,,2016-08-04,,,,,,,,,,,,,,,,,
2016-08-05,28.34,28.724,28.2,28.23,1820968.0,0.0,1.0,28.34,28.724,28.2,28.23,1820968.0,0.5240000000000009,0.5740000000000016,0.05000000000000071,0.5740000000000016,0.6478949999999999,0.6701352499999998,0.0,0.0,0.0,0.0,,,2016-08-05,,,,,,,,,,,,,,,,,
2016-08-08,28.3,28.5,28.03,28.13,1718549.0,0.0,1.0,28.3,28.5,28.03,28.13,1718549.0,0.46999999999999886,0.2699999999999996,0.1999999999999993,0.46999999999999886,0.6418949999999999,0.6390002499999998,0.0,0.0,0.0,0.0,,,2016-08-08,,,,,,,,,,,,,,,,,
2016-08-09,28.09,28.35,27.95,27.96,1921735.0,0.0,1.0,28.09,28.35,27.95,27.96,1921735.0,0.40000000000000213,0.22000000000000242,0.17999999999999972,0.40000000000000213,0.614645,0.62980025,0.0,0.0,0.0,0.0,,,2016-08-09,,,,,,,,,,,,,,,,,
2016-08-10,28.04,28.155,27.7,28.05,2052304.0,0.0,1.0,28.04,28.155,27.7,28.05,2052304.0,0.45500000000000185,0.19500000000000028,0.26000000000000156,0.45500000000000185,0.599395,0.6066627500000001,0.0,0.0,0.0,0.0,,,2016-08-10,,,,,,,,,,,,,,,,,
2016-08-11,28.34,29.565,28.31,29.53,5965162.0,0.0,1.0,28.34,29.565,28.31,29.53,5965162.0,1.2550000000000026,1.5150000000000006,0.259999999999998,1.5150000000000006,0.6506450000000001,0.6451752500000001,1.0,1.0,1.0,1.0,,,2016-08-11,,,,,,,,,,,,,,,,,
2016-08-12,29.49,29.49,29.01,29.3,4740764.0,0.0,1.0,29.49,29.49,29.01,29.3,4740764.0,0.4799999999999969,0.0400000000000027,0.5199999999999996,0.5199999999999996,0.658145,0.6441127500000001,0.0,0.0,0.0,0.0,33.0,1.0,2016-08-12,29.53,29.3,29.53,29.3,28.88482475,1.0,0.6451752500000001,1.0,154.99664626006654,-1.2072207463533866,1.5499664626006655,152.23945905111248,-0.007788689468337329,0.00015497262602277091,1.0,1.0,1.0
2016-08-15,29.23,29.545,29.2054,29.44,2497401.0,0.0,1.0,29.23,29.545,29.2054,29.44,2497401.0,0.3396000000000008,0.245000000000001,0.0945999999999998,0.3396000000000008,0.6576250000000001,0.64221775,0.0,0.0,0.0,0.0,33.0,1.0,2016-08-15,29.3,29.44,29.3,29.44,28.65588725,1.0,0.6441127500000001,1.0,152.23945905111248,0.7274240364216952,0.0,152.96688308753417,0.004778156996587013,0.00015221628572611475,1.0,1.0,1.0
2016-08-16,29.31,29.415,28.85,28.85,1880152.0,0.0,1.0,29.31,29.415,28.85,28.85,1880152.0,0.5649999999999977,0.02500000000000213,0.5899999999999999,0.5899999999999999,0.6711250000000002,0.6542437500000001,0.0,0.0,0.0,0.0,33.0,1.0,2016-08-16,29.44,28.85,29.44,28.85,28.79778225,1.0,0.64221775,1.0,152.96688308753417,-3.065572724920008,0.0,149.90131036261417,-0.02004076086956519,0.00015294348779891704,1.0,1.0,1.0
2016-08-17,28.82,29.16,28.3,28.63,2653393.0,0.0,1.0,28.82,29.16,28.3,28.63,2653393.0,0.8599999999999994,0.3099999999999987,0.5500000000000007,0.8599999999999994,0.698625,0.6805687500000002,0.0,0.0,0.0,0.0,33.0,1.0,2016-08-17,28.85,28.63,28.85,28.63,28.195756250000002,1.0,0.6542437500000001,1.0,149.90131036261417,-1.1430949143769742,0.0,148.7582154482372,-0.007625649913345024,0.00014987884332760373,1.0,1.0,1.0
2016-08-18,28.58,29.35,28.58,29.12,3440955.0,0.0,1.0,28.58,29.35,28.58,29.12,3440955.0,0.7700000000000031,0.7200000000000024,0.05000000000000071,0.7700000000000031,0.7111250000000002,0.7021937500000002,0.0,0.0,0.0,0.0,33.0,1.0,2016-08-18,28.63,29.12,28.63,29.12,27.94943125,1.0,0.6805687500000002,1.0,148.7582154482372,2.5459841274759456,0.0,151.30419957571314,0.017114914425427896,0.00014873608973295577,1.0,1.0,1.0
2016-08-19,28.95,29.42,28.95,29.18,2964922.0,0.0,1.0,28.95,29.42,28.95,29.18,2964922.0,0.4700000000000024,0.3000000000000007,0.1700000000000017,0.4700000000000024,0.7141250000000003,0.6990687500000003,0.0,0.0,0.0,0.0,33.0,1.0,2016-08-19,29.12,29.18,29.12,29.18,28.41780625,1.0,0.7021937500000002,1.0,151.30419957571314,0.3117531584664408,0.0,151.6159527341796,0.002060439560439553,0.000151281310078181,1.0,1.0,1.0
2016-08-22,29.19,29.29,28.95,29.28,1822826.0,0.0,1.0,29.19,29.29,28.95,29.28,1822826.0,0.33999999999999986,0.10999999999999943,0.23000000000000043,0.33999999999999986,0.7031250000000003,0.6954187500000003,0.0,0.0,0.0,0.0,33.0,1.0,2016-08-22,29.18,29.28,29.18,29.28,28.480931249999998,1.0,0.6990687500000003,1.0,151.6159527341796,0.519588597444062,0.0,152.13554133162364,0.0034270047978066653,0.00015159296882178387,1.0,1.0,1.0
2016-08-23,29.42,29.56,29.205,29.42,2478880.0,0.0,1.0,29.42,29.56,29.205,29.42,2478880.0,0.3550000000000004,0.2799999999999976,0.07500000000000284,0.3550000000000004,0.6633750000000003,0.6857187500000004,0.0,0.0,0.0,0.0,33.0,1.0,2016-08-23,29.28,29.42,29.28,29.42,28.58458125,1.0,0.6954187500000003,1.0,152.13554133162364,0.7274240364217113,0.0,152.86296536804537,0.004781420765027411,0.0001521123996293628,1.0,1.0,1.0
2016-08-24,29.42,29.56,29.31,29.43,1821819.0,0.0,1.0,29.42,29.56,29.31,29.43,1821819.0,0.25,0.13999999999999702,0.11000000000000298,0.25,0.5968750000000004,0.6427062500000003,0.0,0.0,0.0,0.0,33.0,1.0,2016-08-24,29.42,29.43,29.42,29.43,28.734281250000002,1.0,0.6857187500000004,1.0,152.86296536804537,0.05195885974438016,0.0,152.91492422778975,0.00033990482664836286,0.0001528396018532804,1.0,1.0,1.0
2016-08-25,29.34,29.405,29.14,29.16,1720485.0,0.0,1.0,29.34,29.405,29.14,29.16,1720485.0,0.26500000000000057,0.02499999999999858,0.28999999999999915,0.28999999999999915,0.5724300000000003,0.5815312500000003,0.0,0.0,0.0,0.0,33.0,1.0,2016-08-25,29.43,29.16,29.43,29.16,28.78729375,1.0,0.6427062500000003,1.0,152.91492422778975,-1.40288921309898,0.0,151.51203501469078,-0.00917431192660545,0.0001528915448287972,1.0,1.0,1.0
2016-08-26,29.24,29.45,28.85,29.01,1892648.0,0.0,1.0,29.24,29.45,28.85,29.01,1892648.0,0.5999999999999979,0.28999999999999915,0.3099999999999987,0.5999999999999979,0.5734300000000003,0.5738085000000002,0.0,0.0,0.0,0.0,33.0,1.0,2016-08-26,29.16,29.01,29.16,29.01,28.57846875,1.0,0.5815312500000003,1.0,151.51203501469078,-0.7793828961660971,0.0,150.7326521185247,-0.005144032921810648,0.00015148908259550423,1.0,1.0,1.0
2016-08-29,28.91,29.17,28.85,28.93,1957433.0,0.0,1.0,28.91,29.17,28.85,28.93,1957433.0,0.3200000000000003,0.16000000000000014,0.16000000000000014,0.3200000000000003,0.5689300000000003,0.5607585000000003,0.0,0.0,0.0,0.0,33.0,1.0,2016-08-29,29.01,28.93,29.01,28.93,28.4361915,1.0,0.5738085000000002,1.0,150.7326521185247,-0.4156708779552677,0.0,150.31698124056942,-0.0027576697690452345,0.00015070993521028983,1.0,1.0,1.0
2016-08-30,29.03,29.45,28.93,29.06,2715382.0,0.0,1.0,29.03,29.45,28.93,29.06,2715382.0,0.5199999999999996,0.5199999999999996,0.0,0.5199999999999996,0.5329300000000001,0.5664835000000003,0.0,0.0,0.0,0.0,33.0,1.0,2016-08-30,28.93,29.06,28.93,29.06,28.3692415,1.0,0.5607585000000003,1.0,150.31698124056942,0.6754651766772708,0.0,150.9924464172467,0.004493605254061395,0.00015029438944165116,1.0,1.0,1.0
2016-08-31,29.01,29.4464,29.01,29.35,2239359.0,0.0,1.0,29.01,29.4464,29.01,29.35,2239359.0,0.436399999999999,0.38640000000000185,0.04999999999999716,0.436399999999999,0.5327500000000003,0.5281035000000001,0.0,0.0,0.0,0.0,33.0,1.0,2016-08-31,29.06,29.35,29.06,29.35,28.4935165,1.0,0.5664835000000003,1.0,150.9924464172467,1.50680693258781,0.0,152.4992533498345,0.009979353062629093,0.00015096965114028626,1.0,1.0,1.0
2016-09-01,29.36,29.715,29.01,29.205,3278224.0,0.0,1.0,29.36,29.715,29.01,29.205,3278224.0,0.7049999999999983,0.36499999999999844,0.33999999999999986,0.7049999999999983,0.5390000000000003,0.5413625000000002,0.0,0.0,0.0,0.0,33.0,1.0,2016-09-01,29.35,29.205,29.35,29.205,28.8218965,1.0,0.5281035000000001,1.0,152.4992533498345,-0.7534034662939137,0.0,151.7458498835406,-0.0049403747870528925,0.0001524760008735475,1.0,1.0,1.0
2016-09-02,29.4,29.75,29.14,29.73,1629894.0,0.0,1.0,29.4,29.75,29.14,29.73,1629894.0,0.6099999999999994,0.5450000000000017,0.06499999999999773,0.6099999999999994,0.5408000000000002,0.5425500000000002,1.0,1.0,1.0,1.0,33.0,1.0,2016-09-02,29.205,29.73,29.205,29.73,28.663637499999997,1.0,0.5413625000000002,1.0,151.7458498835406,2.727840136581386,0.0,154.47369002012198,0.017976373908577425,0.00015172282657427533,1.0,1.0,1.0
2016-09-06,30.6,31.4,30.55,31.16,5653088.0,0.0,1.0,30.6,31.4,30.55,31.16,5653088.0,0.8499999999999979,1.6699999999999982,0.8200000000000003,1.6699999999999982,0.6008000000000001,0.5972600000000001,1.0,1.0,1.0,1.0,33.0,1.0,2016-09-06,29.73,31.16,29.73,31.16,29.187450000000002,1.0,0.5425500000000002,1.0,154.47369002012198,7.430116943450205,0.0,161.90380696357218,0.048099562731247936,0.0001544498315847141,1.0,1.0,1.0
2016-09-07,31.11,31.28,30.92,31.0,3353517.0,0.0,1.0,31.11,31.28,30.92,31.0,3353517.0,0.35999999999999943,0.120000000000001,0.23999999999999844,0.35999999999999943,0.5988,0.5887600000000001,0.0,0.0,0.0,0.0,33.0,6.0,2016-09-07,31.16,31.0,31.142938125,31.0,30.56274,1.0,0.5972600000000001,1.0,936.8870382639049,-4.300072011469775,1.5499664626006655,931.0369997898345,-0.0045897443724250975,0.0009360101025311593,1.0,1.0,1.0
2016-09-08,30.84,31.44,30.82,31.32,4641580.0,0.0,1.0,30.84,31.44,30.82,31.32,4641580.0,0.620000000000001,0.4400000000000013,0.17999999999999972,0.620000000000001,0.6070499999999999,0.5998600000000001,1.0,1.0,1.0,1.0,33.0,6.0,2016-09-08,31.0,31.32,31.0,31.32,30.41124,1.0,0.5887600000000001,1.0,931.0369997898345,9.610704513959524,0.0,940.647704303794,0.010322580645161228,0.0009301709761948664,1.0,1.0,1.0
2016-09-09,31.02,31.265,30.26,30.26,4041980.0,0.0,1.0,31.02,31.265,30.26,30.26,4041980.0,1.004999999999999,0.054999999999999716,1.0599999999999987,1.0599999999999987,0.5842999999999998,0.6296974999999998,0.0,0.0,0.0,0.0,33.0,6.0,2016-09-09,31.32,30.26,31.32,30.26,30.72014,1.0,0.5998600000000001,1.0,940.647704303794,-31.8354587024911,1.5499664626006655,907.2622791387022,-0.0338441890166028,0.0009397637177201325,1.0,1.0,1.0
2016-09-12,30.12,31.445,30.01,31.31,4180784.0,0.0,1.0,30.12,31.445,30.01,31.31,4180784.0,1.4349999999999987,1.1849999999999987,0.25,1.4349999999999987,0.6300499999999998,0.6268349999999998,0.0,0.0,0.0,0.0,,,2016-09-12,,,,,,,,,,,,,,,,,
2016-09-13,31.0,31.55,30.72,31.06,4077816.0,0.0,1.0,31.0,31.55,30.72,31.06,4077816.0,0.8300000000000018,0.240000000000002,0.5899999999999999,0.8300000000000018,0.6545699999999999,0.6400474999999999,0.0,0.0,0.0,0.0,,,2016-09-13,,,,,,,,,,,,,,,,,
2016-09-14,30.98,31.18,30.69,30.81,4885524.0,0.0,1.0,30.98,31.18,30.69,30.81,4885524.0,0.48999999999999844,0.120000000000001,0.36999999999999744,0.48999999999999844,0.6495699999999998,0.6463414999999998,0.0,0.0,0.0,0.0,,,2016-09-14,,,,,,,,,,,,,,,,,
2016-09-15,32.29,32.7,31.7,32.39,8337842.0,0.0,1.0,32.29,32.7,31.7,32.39,8337842.0,1.0000000000000036,1.8900000000000041,0.8900000000000006,1.8900000000000041,0.70107,0.7115914999999999,1.0,1.0,1.0,1.0,,,2016-09-15,,,,,,,,,,,,,,,,,
2016-09-16,32.26,32.55,31.82,32.41,6153065.0,0.0,1.0,32.26,32.55,31.82,32.41,6153065.0,0.7299999999999969,0.1599999999999966,0.5700000000000003,0.7299999999999969,0.6990699999999996,0.7025164999999999,1.0,1.0,1.0,1.0,37.0,1.0,2016-09-16,32.39,32.41,32.39,32.41,31.6784085,1.0,0.7115914999999999,1.0,140.5300653535069,0.08677373593917283,1.405300653535069,139.211538435911,0.000617474529175599,0.0001405103194291347,1.0,1.0,1.0
2016-09-19,32.6,32.85,32.09,32.22,3993535.0,0.0,1.0,32.6,32.85,32.09,32.22,3993535.0,0.759999999999998,0.44000000000000483,0.3199999999999932,0.759999999999998,0.7135699999999995,0.7021164999999996,0.0,0.0,0.0,0.0,37.0,1.0,2016-09-19,32.41,32.22,32.41,32.22,31.707483499999995,1.0,0.7025164999999999,1.0,139.211538435911,-0.8161120735212245,1.405300653535069,136.9901257088547,-0.005862388151804954,0.00013919216128100085,1.0,1.0,1.0
