Date,Date,Symbol,Date_x,Open,High,Low,Close,Volume,TR1,TR2,TR3,TRmax,N1,N2,MavgB1,MavgS1,MavgB2,MavgS2,Trade,Unit,Date_y,LastPrice,CurrentPrice,EntryPrice,ExitPrice,StopPrice,StopInd,N,Direction,StartPos,PNL,TxCost,EndPos,Return,RisktoEq%,PrevTradeLoser,PostCrisis,S1orS2
2015-10-30,2015-10-30,MMM, 10/30/2015,156.76,158.67,156.76,157.21,-1,1.9099999999999966,0.0,0.0,1.9099999999999966,,0.0,0.0,0.0,0.0,0.0,,,,,,,,,,,,,,,,,,,,
2015-11-02,2015-11-02,MMM, 11/02/2015,157.28,160.09,157.28,159.92,-1,2.8100000000000023,2.8799999999999955,0.06999999999999318,2.8799999999999955,,0.0,0.0,0.0,0.0,0.0,,,,,,,,,,,,,,,,,,,,
2015-11-03,2015-11-03,MMM, 11/03/2015,158.97,159.78,158.65,158.78,-1,1.1299999999999955,0.13999999999998636,1.2699999999999818,1.2699999999999818,,0.0,0.0,0.0,0.0,0.0,,,,,,,,,,,,,,,,,,,,
2015-11-04,2015-11-04,MMM, 11/04/2015,158.51,159.47,158.51,158.94,-1,0.960000000000008,0.6899999999999977,0.27000000000001023,0.960000000000008,,0.0,0.0,0.0,0.0,0.0,,,,,,,,,,,,,,,,,,,,
2015-11-05,2015-11-05,MMM, 11/05/2015,157.94,159.52,157.94,158.99,-1,1.5800000000000125,0.5800000000000125,1.0,1.5800000000000125,,0.0,0.0,0.0,0.0,0.0,,,,,,,,,,,,,,,,,,,,
2015-11-06,2015-11-06,MMM, 11/06/2015,158.26,159.25,157.7,159.22,-1,1.5500000000000114,0.2599999999999909,1.2900000000000205,1.5500000000000114,,0.0,0.0,0.0,0.0,0.0,,,,,,,,,,,,,,,,,,,,
2015-11-09,2015-11-09,MMM, 11/09/2015,157.83,158.59,156.75,157.51,-1,1.8400000000000034,0.6299999999999955,2.469999999999999,2.469999999999999,,0.0,0.0,0.0,0.0,0.0,,,,,,,,,,,,,,,,,,,,
2015-11-10,2015-11-10,MMM, 11/10/2015,156.33,157.63,156.33,157.59,-1,1.299999999999983,0.12000000000000455,1.1799999999999784,1.299999999999983,,0.0,0.0,0.0,0.0,0.0,,,,,,,,,,,,,,,,,,,,
2015-11-11,2015-11-11,MMM, 11/11/2015,156.52,159.48,156.52,159.05,-1,2.9599999999999795,1.8899999999999864,1.0699999999999932,2.9599999999999795,,0.0,0.0,0.0,0.0,0.0,,,,,,,,,,,,,,,,,,,,
2015-11-12,2015-11-12,MMM, 11/12/2015,157.52,158.27,156.14,156.28,-1,2.130000000000024,0.7800000000000011,2.910000000000025,2.910000000000025,,0.0,0.0,-1.0,0.0,0.0,,,,,,,,,,,,,,,,,,,,
2015-11-13,2015-11-13,MMM, 11/13/2015,155.62,156.9,155.6,155.66,-1,1.3000000000000114,0.6200000000000045,0.6800000000000068,1.3000000000000114,,0.0,0.0,-1.0,0.0,0.0,,,,,,,,,,,,,,,,,,,,
2015-11-16,2015-11-16,MMM, 11/16/2015,155.21,158.25,155.21,158.15,-1,3.039999999999992,2.5900000000000034,0.44999999999998863,3.039999999999992,,0.0,0.0,0.0,0.0,0.0,,,,,,,,,,,,,,,,,,,,
2015-11-17,2015-11-17,MMM, 11/17/2015,158.29,158.47,156.51,156.99,-1,1.960000000000008,0.3199999999999932,1.6400000000000148,1.960000000000008,,0.0,0.0,0.0,0.0,0.0,,,,,,,,,,,,,,,,,,,,
2015-11-18,2015-11-18,MMM, 11/18/2015,156.01,157.5,156.01,157.37,-1,1.490000000000009,0.5099999999999909,0.9800000000000182,1.490000000000009,,0.0,0.0,0.0,0.0,0.0,,,,,,,,,,,,,,,,,,,,
2015-11-19,2015-11-19,MMM, 11/19/2015,156.32,158.51,156.32,158.39,-1,2.1899999999999977,1.1399999999999864,1.0500000000000114,2.1899999999999977,,0.0,0.0,0.0,0.0,0.0,,,,,,,,,,,,,,,,,,,,
2015-11-20,2015-11-20,MMM, 11/20/2015,156.25,159.81,156.25,158.97,-1,3.5600000000000023,1.420000000000016,2.1399999999999864,3.5600000000000023,,0.0,0.0,0.0,0.0,0.0,,,,,,,,,,,,,,,,,,,,
2015-11-23,2015-11-23,MMM, 11/23/2015,158.07,159.72,158.07,158.68,-1,1.6500000000000057,0.75,0.9000000000000057,1.6500000000000057,,0.0,0.0,0.0,0.0,0.0,,,,,,,,,,,,,,,,,,,,
2015-11-24,2015-11-24,MMM, 11/24/2015,156.91,158.14,156.88,157.79,-1,1.259999999999991,0.5400000000000205,1.8000000000000114,1.8000000000000114,,0.0,0.0,0.0,0.0,0.0,,,,,,,,,,,,,,,,,,,,
2015-11-25,2015-11-25,MMM, 11/25/2015,156.45,158.45,156.45,157.64,-1,2.0,0.6599999999999966,1.3400000000000034,2.0,,0.0,0.0,0.0,0.0,0.0,,,,,,,,,,,,,,,,,,,,
2015-11-27,2015-11-27,MMM, 11/27/2015,156.49,158.48,156.49,158.07,-1,1.9899999999999807,0.8400000000000034,1.1499999999999773,1.9899999999999807,2.0385000000000004,0.0,0.0,0.0,0.0,0.0,,,,,,,,,,,,,,,,,,,,
2015-11-30,2015-11-30,MMM, 11/30/2015,156.72,158.46,156.57,156.64,-1,1.8900000000000148,0.3900000000000148,1.5,1.8900000000000148,2.0375000000000014,0.0,0.0,-1.0,0.0,0.0,,,,,,,,,,,,,,,,,,,,
2015-12-01,2015-12-01,MMM, 12/01/2015,156.05,157.65,156.05,156.85,-1,1.5999999999999943,1.0100000000000193,0.589999999999975,1.5999999999999943,1.9735000000000014,2.015625000000001,0.0,0.0,0.0,0.0,,,,,,,,,,,,,,,,,,,,
2015-12-02,2015-12-02,MMM, 12/02/2015,151.99,157.2,151.99,155.71,-1,5.2099999999999795,0.3499999999999943,4.859999999999985,5.2099999999999795,2.1705000000000014,2.1353250000000004,0.0,-1.0,0.0,0.0,,,,,,,,,,,,,,,,,,,,
2015-12-03,2015-12-03,MMM, 12/03/2015,155.11,156.89,153.7,154.4,-1,3.1899999999999977,1.1799999999999784,2.0100000000000193,3.1899999999999977,2.282000000000001,2.221475000000001,-1.0,-1.0,0.0,-1.0,,,,,,,,,,,,,,,,,,,,
2015-12-04,2015-12-04,MMM, 12/04/2015,153.46,158.38,153.46,158.17,-1,4.9199999999999875,3.9799999999999898,0.9399999999999977,4.9199999999999875,2.4489999999999994,2.4139000000000004,0.0,0.0,0.0,0.0,0.0,1.0,2015-12-04,154.4,158.17,154.4,158.17,156.621475,1.0,2.221475000000001,-1.0,45.015136339594164,-1.099139015545788,0.45015136339594164,43.46584596065244,-0.02441709844559581,4.501311006830737e-05,1.0,1.0,1.0
2015-12-07,2015-12-07,MMM, 12/07/2015,157.5,157.98,156.81,157.77,-1,1.1699999999999875,0.18999999999999773,1.3599999999999852,1.3599999999999852,2.439499999999998,2.394549999999999,0.0,0.0,0.0,0.0,,,,,,,,,,,,,,,,,,,,
2015-12-08,2015-12-08,MMM, 12/08/2015,155.78,157.84,155.61,156.82,-1,2.2299999999999898,0.06999999999999318,2.1599999999999966,2.2299999999999898,2.4274999999999975,2.4290249999999975,0.0,0.0,0.0,0.0,,,,,,,,,,,,,,,,,,,,
2015-12-09,2015-12-09,MMM, 12/09/2015,155.38,158.23,154.89,156.06,-1,3.3400000000000034,1.4099999999999966,1.9300000000000068,3.3400000000000034,2.5294999999999987,2.473124999999998,0.0,0.0,0.0,0.0,,,,,,,,,,,,,,,,,,,,
2015-12-10,2015-12-10,MMM, 12/10/2015,152.09,158.68,152.09,157.52,-1,6.590000000000003,2.6200000000000045,3.969999999999999,6.590000000000003,2.711,2.732524999999999,0.0,0.0,0.0,0.0,,,,,,,,,,,,,,,,,,,,
2015-12-11,2015-12-11,MMM, 12/11/2015,155.44,156.39,154.41,154.79,-1,1.9799999999999898,1.1300000000000239,3.1100000000000136,3.1100000000000136,2.720999999999999,2.730950000000001,0.0,0.0,0.0,0.0,,,,,,,,,,,,,,,,,,,,
2015-12-14,2015-12-14,MMM, 12/14/2015,154.62,157.75,154.28,157.71,-1,3.469999999999999,2.960000000000008,0.5099999999999909,3.469999999999999,2.8294999999999986,2.758449999999999,0.0,0.0,0.0,0.0,,,,,,,,,,,,,,,,,,,,
2015-12-15,2015-12-15,MMM, 12/15/2015,151.7,152.99,147.08,148.06,-1,5.909999999999997,4.719999999999999,10.629999999999995,10.629999999999995,3.2089999999999987,3.2195249999999986,-1.0,-1.0,0.0,-1.0,,,,,,,,,,,,,,,,,,,,
2015-12-16,2015-12-16,MMM, 12/16/2015,148.04,150.54,147.73,149.96,-1,2.8100000000000023,2.4799999999999898,0.3300000000000125,2.8100000000000023,3.2514999999999987,3.189049999999999,0.0,0.0,0.0,0.0,1.0,1.0,2015-12-16,148.06,149.96,148.06,149.96,151.279525,1.0,3.2195249999999986,-1.0,31.060482524596033,-0.3985878481475962,0.31060482524596034,30.351289851202477,-0.01283263541807389,3.105951780098615e-05,1.0,1.0,1.0
2015-12-17,2015-12-17,MMM, 12/17/2015,149.89,150.83,148.81,148.85,-1,2.0200000000000102,0.8700000000000045,1.1500000000000057,2.0200000000000102,3.2779999999999987,3.1899249999999992,0.0,0.0,0.0,0.0,1.0,1.0,2015-12-17,149.96,148.85,149.96,148.85,153.14905000000002,1.0,3.189049999999999,-1.0,30.351289851202477,0.22465945408665686,0.0,30.575949305289132,0.007401973859695988,3.0350368678365627e-05,1.0,1.0,1.0
2015-12-18,2015-12-18,MMM, 12/18/2015,148.0,148.6,146.75,146.77,-1,1.8499999999999943,0.25,2.0999999999999943,2.0999999999999943,3.2734999999999985,3.2190999999999987,-1.0,-1.0,0.0,-1.0,1.0,1.0,2015-12-18,148.85,146.77,148.85,146.77,152.03992499999998,1.0,3.1899249999999992,-1.0,30.575949305289132,0.42726217369835967,0.0,31.00321147898749,0.013973799126637432,3.0575014445197443e-05,1.0,1.0,1.0
2015-12-21,2015-12-21,MMM, 12/21/2015,147.34,148.33,146.66,147.49,-1,1.670000000000016,1.5600000000000023,0.11000000000001364,1.670000000000016,3.1789999999999994,3.1933249999999993,0.0,0.0,0.0,0.0,1.0,1.0,2015-12-21,146.77,147.49,146.77,147.49,149.9891,1.0,3.2190999999999987,-1.0,31.00321147898749,-0.15209042900368236,0.0,30.85112104998381,-0.004905634666484859,3.100225030966482e-05,1.0,1.0,1.0
2015-12-22,2015-12-22,MMM, 12/22/2015,147.56,149.48,147.27,149.01,-1,2.2099999999999795,1.9899999999999807,0.21999999999999886,2.2099999999999795,3.206999999999998,3.1305499999999986,0.0,0.0,0.0,0.0,1.0,1.0,2015-12-22,147.49,149.01,147.49,149.01,150.683325,1.0,3.1933249999999993,-1.0,30.85112104998381,-0.31794497251322107,0.0,30.53317607747059,-0.010305783442945193,3.08501692876767e-05,1.0,1.0,1.0
2015-12-23,2015-12-23,MMM, 12/23/2015,149.14,151.56,149.14,151.16,-1,2.420000000000016,2.5500000000000114,0.12999999999999545,2.5500000000000114,3.2444999999999977,3.1741499999999987,0.0,0.0,0.0,0.0,1.0,1.0,2015-12-23,149.01,151.16,149.01,151.16,152.14055,1.0,3.1305499999999986,-1.0,30.53317607747059,-0.44054981925080255,0.0,30.092626258219788,-0.01442856184148722,3.0532243831093654e-05,1.0,1.0,1.0
2015-12-24,2015-12-24,MMM, 12/24/2015,150.56,151.77,150.5,151.21,-1,1.2700000000000102,0.6100000000000136,0.6599999999999966,1.2700000000000102,3.2079999999999984,3.145774999999998,0.0,0.0,0.0,0.0,1.0,1.0,2015-12-24,151.16,151.21,151.16,151.21,154.33415,1.0,3.1741499999999987,-1.0,30.092626258219788,-0.009953898603540857,0.0,30.082672359616247,-0.0003307753373908983,3.0091720719314714e-05,1.0,1.0,1.0
2015-12-28,2015-12-28,MMM, 12/28/2015,150.13,151.77,150.13,151.23,-1,1.6400000000000148,0.5600000000000023,1.0800000000000125,1.6400000000000148,3.1905,3.129599999999999,0.0,0.0,0.0,0.0,1.0,1.0,2015-12-28,151.21,151.23,151.21,151.23,154.355775,1.0,3.145774999999998,-1.0,30.082672359616247,-0.003978926309052138,0.0,30.078693433307194,-0.00013226638449825856,3.0081767419662962e-05,1.0,1.0,1.0
2015-12-29,2015-12-29,MMM, 12/29/2015,151.1,153.24,151.1,152.83,-1,2.140000000000015,2.0100000000000193,0.12999999999999545,2.140000000000015,3.2030000000000003,3.137975000000001,0.0,1.0,0.0,0.0,1.0,1.0,2015-12-29,151.23,152.83,151.23,152.83,154.3596,1.0,3.129599999999999,-1.0,30.078693433307194,-0.3182299113488899,0.31060482524596034,29.449858696712344,-0.010579911393242325,3.007778873272075e-05,1.0,1.0,1.0
2015-12-30,2015-12-30,MMM, 12/30/2015,151.04,153.69,151.04,151.91,-1,2.6500000000000057,0.8599999999999852,1.7900000000000205,2.6500000000000057,3.2555000000000005,3.175350000000001,0.0,0.0,0.0,0.0,,,,,,,,,,,,,,,,,,,,
2015-12-31,2015-12-31,MMM, 12/31/2015,150.72,152.11,150.63,150.64,-1,1.4800000000000182,0.20000000000001705,1.2800000000000011,1.4800000000000182,3.0690000000000026,3.1667250000000013,0.0,0.0,0.0,0.0,,,,,,,,,,,,,,,,,,,,
2016-01-04,2016-01-04,MMM, 01/04/2016,147.74,147.98,145.4,146.78,-1,2.579999999999984,2.6599999999999966,5.239999999999981,5.239999999999981,3.1715000000000018,3.1775500000000014,0.0,0.0,0.0,0.0,,,,,,,,,,,,,,,,,,,,
2016-01-05,2016-01-05,MMM, 01/05/2016,146.5,147.5,145.6,147.43,-1,1.9000000000000057,0.7199999999999989,1.1800000000000068,1.9000000000000057,3.020500000000003,3.107925000000002,0.0,0.0,0.0,0.0,,,,,,,,,,,,,,,,,,,,
2016-01-06,2016-01-06,MMM, 01/06/2016,145.05,145.66,143.41,144.47,-1,2.25,1.7700000000000102,4.02000000000001,4.02000000000001,3.1535000000000037,3.070475000000003,-1.0,-1.0,0.0,-1.0,,,,,,,,,,,,,,,,,,,,
2016-01-07,2016-01-07,MMM, 01/07/2016,141.8,143.12,140.63,140.98,-1,2.490000000000009,1.3499999999999943,3.8400000000000034,3.8400000000000034,3.2340000000000044,3.1878250000000037,-1.0,-1.0,0.0,-1.0,3.0,1.0,2016-01-07,144.47,140.98,144.47,140.98,147.54047500000001,1.0,3.070475000000003,-1.0,32.56825084066794,0.7867598493384869,0.32568250840667945,33.02932818159975,0.024157264483975927,3.2567190184248844e-05,1.0,1.0,1.0
2016-01-08,2016-01-08,MMM, 01/08/2016,141.22,142.44,140.22,140.44,-1,2.219999999999999,1.460000000000008,0.7599999999999909,2.219999999999999,3.1780000000000044,3.183300000000004,-1.0,-1.0,0.0,-1.0,3.0,3.0,2016-01-08,140.98,140.44,141.39952499999998,140.44,144.167825,1.0,3.1878250000000037,-1.0,98.16582986293564,0.6661448678786748,0.32568250840667945,98.50629222240762,0.0067859138847884415,9.815619427866809e-05,1.0,1.0,1.0
2016-01-11,2016-01-11,MMM, 01/11/2016,140.64,141.43,139.38,140.47,-1,2.0500000000000114,0.9900000000000091,1.0600000000000023,2.0500000000000114,2.951000000000005,3.121600000000005,0.0,0.0,0.0,0.0,3.0,3.0,2016-01-11,140.44,140.47,140.44,140.47,143.6233,1.0,3.183300000000004,-1.0,98.50629222240762,-0.021042358065179387,0.0,98.48524986434245,-0.00021361435488476133,9.849658968856085e-05,1.0,1.0,1.0
2016-01-12,2016-01-12,MMM, 01/12/2016,141.0,142.13,139.1,140.84,-1,3.030000000000001,1.6599999999999966,1.3700000000000045,3.030000000000001,2.947000000000004,2.9549500000000046,0.0,0.0,0.0,0.0,3.0,3.0,2016-01-12,140.47,140.84,140.47,140.84,143.5916,1.0,3.121600000000005,-1.0,98.48524986434245,-0.2594115643896004,0.0,98.22583829995285,-0.002634014380294758,9.84755514750499e-05,1.0,1.0,1.0
2016-01-13,2016-01-13,MMM, 01/13/2016,140.87,142.18,138.51,138.65,-1,3.670000000000016,1.3400000000000034,2.3300000000000125,3.670000000000016,2.957000000000005,2.9831500000000046,-1.0,-1.0,0.0,-1.0,3.0,3.0,2016-01-13,140.84,138.65,140.84,138.65,143.79495,1.0,2.9549500000000046,-1.0,98.22583829995285,1.5273685449935817,0.0,99.75320684494643,0.015549559784152178,9.82161909322639e-05,1.0,1.0,1.0
2016-01-14,2016-01-14,MMM, 01/14/2016,138.73,142.43,138.73,141.07,-1,3.700000000000017,3.780000000000001,0.07999999999998408,3.780000000000001,2.6145000000000054,2.998150000000005,0.0,0.0,0.0,0.0,3.0,4.0,2016-01-14,138.65,141.07,139.8642875,141.07,141.63315,1.0,2.9831500000000046,-1.0,132.32145768561438,-1.1406888663395771,0.32568250840667945,130.8550863108681,-0.008620588726053535,0.000132303951033956,1.0,1.0,1.0
2016-01-15,2016-01-15,MMM, 01/15/2016,136.72,140.07,136.72,138.67,-1,3.3499999999999943,1.0,4.349999999999994,4.349999999999994,2.691500000000005,2.7012750000000048,0.0,0.0,0.0,0.0,3.0,4.0,2016-01-15,141.07,138.67,141.07,138.67,144.06815,1.0,2.998150000000005,-1.0,130.8550863108681,2.226215404735831,0.0,133.08130171560393,0.017012830509676058,0.00013083796549760019,1.0,1.0,1.0
2016-01-19,2016-01-19,MMM, 01/19/2016,139.53,140.71,137.4,138.42,-1,3.3100000000000023,2.0400000000000205,1.2699999999999818,3.3100000000000023,2.7560000000000047,2.7224250000000048,-1.0,-1.0,0.0,-1.0,3.0,4.0,2016-01-19,138.67,138.42,138.67,138.42,141.371275,1.0,2.7012750000000048,-1.0,133.08130171560393,0.2399244640434206,0.0,133.32122617964734,0.001802841277853906,0.00013306359343937807,1.0,1.0,1.0
2016-01-20,2016-01-20,MMM, 01/20/2016,136.54,137.72,134.63,136.97,-1,3.0900000000000034,0.6999999999999886,3.789999999999992,3.789999999999992,2.8405000000000045,2.807700000000004,-1.0,-1.0,-1.0,-1.0,3.0,4.0,2016-01-20,138.42,136.97,138.42,136.97,141.142425,1.0,2.7224250000000048,-1.0,133.32122617964734,1.3965884840376213,0.0,134.71781466368495,0.010475364831671663,0.00013330345399970614,1.0,1.0,1.0
2016-01-21,2016-01-21,MMM, 01/21/2016,135.42,138.62,135.42,137.71,-1,3.200000000000017,1.6500000000000057,1.5500000000000114,3.200000000000017,2.9170000000000043,2.8584750000000048,0.0,0.0,0.0,0.0,3.0,5.0,2016-01-21,136.97,137.71,138.32905,137.71,139.7777,1.0,2.807700000000004,-1.0,167.2860655043529,0.7486384013370142,0.32568250840667945,167.70902139728324,0.004475198810372727,0.00016725808555729624,1.0,1.0,1.0
2016-01-22,2016-01-22,MMM, 01/22/2016,139.66,140.38,138.07,139.52,-1,2.3100000000000023,2.6699999999999875,0.3599999999999852,2.6699999999999875,2.940000000000005,2.9046500000000033,0.0,0.0,0.0,0.0,3.0,5.0,2016-01-22,137.71,139.52,137.71,139.52,140.568475,1.0,2.8584750000000048,-1.0,167.70902139728324,-2.2042940144440033,0.0,165.50472738283923,-0.013143562559000843,0.00016768089979767115,1.0,1.0,1.0
2016-01-25,2016-01-25,MMM, 01/25/2016,138.45,139.37,137.52,137.61,-1,1.8499999999999943,0.15000000000000568,2.0,2.0,2.912500000000004,2.8930000000000047,0.0,0.0,0.0,0.0,3.0,5.0,2016-01-25,139.52,137.61,139.52,137.61,142.42465,1.0,2.9046500000000033,-1.0,165.50472738283923,2.26572555405119,0.0,167.77045293689042,0.013689793577981613,0.00016547734010077784,1.0,1.0,1.0
2016-01-26,2016-01-26,MMM, 01/26/2016,141.05,145.01,140.31,144.79,-1,4.699999999999989,7.399999999999977,2.6999999999999886,7.399999999999977,3.2190000000000025,3.1368750000000025,0.0,1.0,0.0,0.0,3.0,5.0,2016-01-26,137.61,144.79,137.61,144.79,140.50300000000001,1.0,2.8930000000000047,-1.0,167.77045293689042,-8.753665083110734,0.32568250840667945,158.691105345373,-0.052176440665649075,0.00016774231073344198,1.0,1.0,1.0
2016-01-27,2016-01-27,MMM, 01/27/2016,144.82,147.94,144.0,145.49,-1,3.9399999999999977,3.1500000000000057,0.789999999999992,3.9399999999999977,3.334000000000002,3.255050000000003,0.0,1.0,0.0,0.0,,,,,,,,,,,,,,,,,,,,
2016-01-28,2016-01-28,MMM, 01/28/2016,145.45,147.8,145.22,147.35,-1,2.5800000000000125,2.3100000000000023,0.27000000000001023,2.5800000000000125,3.3560000000000016,3.2963000000000022,0.0,1.0,0.0,0.0,,,,,,,,,,,,,,,,,,,,
2016-01-29,2016-01-29,MMM, 01/29/2016,147.25,150.97,147.25,150.97,-1,3.719999999999999,3.6200000000000045,0.09999999999999432,3.719999999999999,3.4095000000000013,3.374200000000002,1.0,1.0,0.0,1.0,,,,,,,,,,,,,,,,,,,,
2016-02-01,2016-02-01,MMM, 02/01/2016,149.16,149.53,148.1,148.7,-1,1.4300000000000068,1.4399999999999977,2.8700000000000045,2.8700000000000045,3.4790000000000005,3.382525000000001,0.0,0.0,0.0,0.0,9.0,1.0,2016-02-01,150.97,148.7,150.97,148.7,147.5958,1.0,3.374200000000002,1.0,29.63665461442711,-0.4456196991107508,0.2963665461442711,28.894668369172088,-0.01503609988739496,2.96357763091604e-05,1.0,1.0,1.0
2016-02-02,2016-02-02,MMM, 02/02/2016,146.84,148.27,146.02,147.92,-1,2.25,0.4299999999999784,2.6799999999999784,2.6799999999999784,3.3510000000000004,3.4390499999999995,0.0,0.0,0.0,0.0,9.0,1.0,2016-02-02,148.7,147.92,148.7,147.92,145.317475,1.0,3.382525000000001,1.0,28.894668369172088,-0.1515658461866463,0.0,28.743102522985442,-0.005245460659045075,2.889383349143544e-05,1.0,1.0,1.0
2016-02-03,2016-02-03,MMM, 02/03/2016,148.9,152.8,148.9,152.49,-1,3.9000000000000057,4.880000000000024,0.9800000000000182,4.880000000000024,3.5000000000000013,3.4274500000000017,1.0,1.0,0.0,1.0,9.0,1.0,2016-02-03,147.92,152.49,147.92,152.49,144.48094999999998,1.0,3.4390499999999995,1.0,28.743102522985442,0.8880204065038161,0.0,29.63112292948926,0.03089507842076822,2.8742276380788685e-05,1.0,1.0,1.0
2016-02-04,2016-02-04,MMM, 02/04/2016,152.01,154.37,151.69,153.49,-1,2.680000000000007,1.8799999999999955,0.8000000000000114,2.680000000000007,3.433000000000001,3.459000000000002,1.0,1.0,0.0,1.0,9.0,1.0,2016-02-04,152.49,153.49,152.49,153.49,149.06255000000002,1.0,3.4274500000000017,1.0,29.63112292948926,0.19431518741877515,0.0,29.825438116908032,0.0065578070693159685,2.9630244952058653e-05,1.0,1.0,1.0
2016-02-05,2016-02-05,MMM, 02/05/2016,152.87,153.85,151.8,153.44,-1,2.049999999999983,0.3599999999999852,1.6899999999999977,2.049999999999983,3.3435,3.3638500000000002,0.0,0.0,0.0,0.0,9.0,2.0,2016-02-05,153.49,153.44,152.6571,153.44,150.031,1.0,3.459000000000002,1.0,59.46209273133514,0.30495058794750235,0.2963665461442711,59.47067677313837,0.005128487309139063,5.945855720109317e-05,1.0,1.0,1.0
2016-02-08,2016-02-08,MMM, 02/08/2016,151.52,154.37,151.0,153.91,-1,3.3700000000000045,0.9300000000000068,2.4399999999999977,3.3700000000000045,3.4010000000000007,3.344825,1.0,1.0,0.0,1.0,9.0,2.0,2016-02-08,153.44,153.91,153.44,153.91,150.07614999999998,1.0,3.3638500000000002,1.0,59.47067677313837,0.1821638300532761,0.0,59.65284060319165,0.00306308654848797,5.946714022206361e-05,1.0,1.0,1.0
2016-02-09,2016-02-09,MMM, 02/09/2016,152.02,155.75,152.02,154.75,-1,3.7299999999999898,1.8400000000000034,1.8899999999999864,3.7299999999999898,3.4849999999999994,3.41745,1.0,1.0,0.0,1.0,9.0,2.0,2016-02-09,153.91,154.75,153.91,154.75,150.565175,1.0,3.344825,1.0,59.65284060319165,0.32556939839309823,0.0,59.97841000158475,0.0054577350399585,5.964928235405929e-05,1.0,1.0,1.0
2016-02-10,2016-02-10,MMM, 02/10/2016,153.8,155.4,152.1,152.4,-1,3.3000000000000114,0.6500000000000057,2.6500000000000057,3.3000000000000114,3.4985,3.47575,0.0,0.0,0.0,0.0,9.0,3.0,2016-02-10,154.75,152.4,154.3442,152.4,151.33255,1.0,3.41745,1.0,89.61506461601186,-1.128838068592472,0.2963665461442711,88.18986000127512,-0.012596521281654895,8.960703447582727e-05,1.0,1.0,1.0
2016-02-11,2016-02-11,MMM, 02/11/2016,149.9,151.94,149.0,150.63,-1,2.9399999999999977,0.46000000000000796,3.4000000000000057,3.4000000000000057,3.4849999999999994,3.493575,0.0,0.0,0.0,0.0,9.0,3.0,2016-02-11,152.4,150.63,152.4,150.63,148.92425,1.0,3.47575,1.0,88.18986000127512,-1.0242523110384414,0.0,87.16560769023668,-0.01161417322834657,8.818208323569994e-05,1.0,1.0,1.0
2016-02-12,2016-02-12,MMM, 02/12/2016,151.05,154.06,150.89,153.91,-1,3.170000000000016,3.430000000000007,0.2599999999999909,3.430000000000007,3.4675,3.4822499999999996,0.0,0.0,0.0,0.0,9.0,3.0,2016-02-12,150.63,153.91,150.63,153.91,147.136425,1.0,3.493575,1.0,87.16560769023668,1.8980494803424075,0.0,89.06365717057909,0.02177521078138489,8.715801050928558e-05,1.0,1.0,1.0
2016-02-16,2016-02-16,MMM, 02/16/2016,154.66,155.85,154.24,155.42,-1,1.6099999999999852,1.9399999999999977,0.3300000000000125,1.9399999999999977,3.347,3.3911249999999997,1.0,1.0,0.0,1.0,9.0,3.0,2016-02-16,153.91,155.42,153.91,155.42,150.42775,1.0,3.4822499999999996,1.0,89.06365717057909,0.8737971693039596,0.0,89.93745433988305,0.009810928464687008,8.905572554197034e-05,1.0,1.0,1.0
2016-02-17,2016-02-17,MMM, 02/17/2016,155.55,157.1,155.53,156.54,-1,1.5699999999999932,1.6800000000000068,0.11000000000001364,1.6800000000000068,3.2655000000000003,3.2636499999999997,1.0,1.0,0.0,1.0,9.0,3.0,2016-02-17,155.42,156.54,155.42,156.54,152.028875,1.0,3.3911249999999997,1.0,89.93745433988305,0.6481144567022914,0.0,90.58556879658533,0.007206279758074974,8.992936632160568e-05,1.0,1.0,1.0
2016-02-18,2016-02-18,MMM, 02/18/2016,155.69,156.96,155.69,156.73,-1,1.2700000000000102,0.4200000000000159,0.8499999999999943,1.2700000000000102,3.139500000000001,3.165725000000001,1.0,1.0,0.0,1.0,9.0,4.0,2016-02-18,156.54,156.73,156.0313,156.73,153.27634999999998,1.0,3.2636499999999997,1.0,120.22222341101244,0.538348828070235,0.2963665461442711,120.4642056929384,0.004477947693828144,0.00012020777176541953,1.0,1.0,1.0
2016-02-19,2016-02-19,MMM, 02/19/2016,155.72,157.03,155.72,156.44,-1,1.3100000000000023,0.30000000000001137,1.009999999999991,1.3100000000000023,3.0450000000000004,3.048025000000001,0.0,0.0,0.0,0.0,9.0,4.0,2016-02-19,156.73,156.44,156.73,156.44,153.56427499999998,1.0,3.165725000000001,1.0,120.4642056929384,-0.2228968267144229,0.0,120.24130886622399,-0.00185031582977091,0.00012044969581600597,1.0,1.0,1.0
2016-02-22,2016-02-22,MMM, 02/22/2016,157.1,158.44,157.09,157.64,-1,1.3499999999999943,2.0,0.6500000000000057,2.0,3.0115000000000007,2.99275,1.0,1.0,0.0,1.0,9.0,4.0,2016-02-22,156.44,157.64,156.44,157.64,153.391975,1.0,3.048025000000001,1.0,120.24130886622399,0.9223316967493337,0.0,121.16364056297333,0.007670672462285699,0.00012022685263210264,1.0,1.0,1.0
2016-02-23,2016-02-23,MMM, 02/23/2016,157.02,157.58,155.16,156.18,-1,2.420000000000016,0.05999999999997385,2.4799999999999898,2.4799999999999898,3.0355000000000003,2.984925,0.0,0.0,0.0,0.0,9.0,4.0,2016-02-23,157.64,156.18,157.64,156.18,154.64724999999999,1.0,2.99275,1.0,121.16364056297333,-1.1221702310450312,0.0,120.0414703319283,-0.009261608728748927,0.00012114896171372167,1.0,1.0,1.0
2016-02-24,2016-02-24,MMM, 02/24/2016,154.28,157.56,153.62,157.19,-1,3.9399999999999977,1.3799999999999955,2.5600000000000023,3.9399999999999977,2.8625000000000016,3.080725,0.0,0.0,0.0,0.0,9.0,4.0,2016-02-24,156.18,157.19,156.18,157.19,153.195075,1.0,2.984925,1.0,120.0414703319283,0.7762958447640214,0.0,120.81776617669232,0.006466897169931984,0.00012002706210691336,1.0,1.0,1.0
2016-02-25,2016-02-25,MMM, 02/25/2016,157.45,158.99,157.0,158.97,-1,1.990000000000009,1.8000000000000114,0.18999999999999773,1.990000000000009,2.765000000000002,2.818875000000002,1.0,1.0,1.0,1.0,9.0,4.0,2016-02-25,157.19,158.97,157.19,158.97,154.109275,1.0,3.080725,1.0,120.81776617669232,1.3681253501782202,0.0,122.18589152687053,0.011323875564603458,0.00012080317100742414,1.0,1.0,1.0
2016-02-26,2016-02-26,MMM, 02/26/2016,158.58,159.49,158.06,158.24,-1,1.4300000000000068,0.5200000000000102,0.9099999999999966,1.4300000000000068,2.707500000000002,2.6982500000000025,0.0,0.0,0.0,0.0,9.0,5.0,2016-02-26,158.97,158.24,157.7184,158.24,156.151125,1.0,2.818875000000002,1.0,151.82254614129764,0.5021014673449827,0.2963665461442711,152.02828106249834,0.0033071601030698616,0.00015179949955477224,1.0,1.0,1.0
2016-02-29,2016-02-29,MMM, 02/29/2016,155.53,159.09,155.53,156.82,-1,3.5600000000000023,0.8499999999999943,2.710000000000008,3.5600000000000023,2.699500000000002,2.7501250000000015,0.0,0.0,0.0,0.0,9.0,5.0,2016-02-29,158.24,156.82,158.24,156.82,155.54175,1.0,2.6982500000000025,1.0,152.02828106249834,-1.3642578305659154,0.0,150.66402323193242,-0.008973710819009217,0.00015200517197748998,1.0,1.0,1.0
2016-03-01,2016-03-01,MMM, 03/01/2016,158.23,159.68,157.54,159.54,-1,2.140000000000015,2.8600000000000136,0.7199999999999989,2.8600000000000136,2.6990000000000025,2.7075250000000026,1.0,1.0,1.0,1.0,9.0,5.0,2016-03-01,156.82,159.54,156.82,159.54,154.069875,1.0,2.7501250000000015,1.0,150.66402323193242,2.6132262669994533,0.0,153.27724949893187,0.01734472643795426,0.00015064132700354108,1.0,1.0,1.0
2016-03-02,2016-03-02,MMM, 03/02/2016,158.68,159.86,158.5,159.33,-1,1.3600000000000136,0.3200000000000216,1.039999999999992,1.3600000000000136,2.633000000000004,2.632050000000003,0.0,0.0,0.0,0.0,9.0,6.0,2016-03-02,159.54,159.33,159.40550000000002,159.33,156.832475,1.0,2.7075250000000026,1.0,182.91390411335897,-0.0866343994439389,0.2963665461442711,182.53090316777076,-0.0004736348494877029,0.00018288045273576306,1.0,1.0,1.0
2016-03-03,2016-03-03,MMM, 03/03/2016,158.54,159.69,158.5,159.39,-1,1.1899999999999977,0.3599999999999852,0.8300000000000125,1.1899999999999977,2.448500000000003,2.560850000000004,0.0,0.0,0.0,0.0,9.0,6.0,2016-03-03,159.33,159.39,159.33,159.39,156.69795000000002,1.0,2.632050000000003,1.0,182.53090316777076,0.06873692455946223,0.0,182.59964009233022,0.00037657691583481423,0.00018249759171752862,1.0,1.0,1.0
2016-03-04,2016-03-04,MMM, 03/04/2016,158.53,160.26,158.53,160.01,-1,1.7299999999999898,0.8700000000000045,0.8599999999999852,1.7299999999999898,2.401000000000002,2.412575000000002,1.0,1.0,1.0,1.0,9.0,6.0,2016-03-04,159.39,160.01,159.39,160.01,156.82914999999997,1.0,2.560850000000004,1.0,182.59964009233022,0.7102815537815613,0.0,183.30992164611177,0.003889829976786441,0.00018256630355100882,1.0,1.0,1.0
2016-03-07,2016-03-07,MMM, 03/07/2016,159.71,160.53,158.17,160.53,-1,2.3600000000000136,0.5200000000000102,1.8400000000000034,2.3600000000000136,2.4165000000000036,2.3989500000000024,1.0,1.0,1.0,1.0,9.0,6.0,2016-03-07,160.01,160.53,160.01,160.53,157.597425,1.0,2.412575000000002,1.0,183.30992164611177,0.595720012849067,0.0,183.90564165896083,0.003249796887694556,0.00018327632527728561,1.0,1.0,1.0
2016-03-08,2016-03-08,MMM, 03/08/2016,159.21,160.6,159.21,160.15,-1,1.3899999999999864,0.06999999999999318,1.3199999999999932,1.3899999999999864,2.3175000000000026,2.365175000000003,0.0,0.0,0.0,0.0,9.0,6.0,2016-03-08,160.53,160.15,160.53,160.15,158.13105,1.0,2.3989500000000024,1.0,183.90564165896083,-0.4353338555435355,0.0,183.47030780341728,-0.0023671587865196075,0.0001838718265927083,1.0,1.0,1.0
2016-03-09,2016-03-09,MMM, 03/09/2016,159.73,160.77,159.52,159.99,-1,1.25,0.6200000000000045,0.6299999999999955,1.25,2.193500000000003,2.2641250000000026,0.0,0.0,0.0,0.0,9.0,6.0,2016-03-09,160.15,159.99,160.15,159.99,157.784825,1.0,2.365175000000003,1.0,183.47030780341728,-0.18329846549200549,0.0,183.28700933792527,-0.000999063378082976,0.00018343665262429788,1.0,1.0,1.0
2016-03-10,2016-03-10,MMM, 03/10/2016,159.71,160.75,158.24,159.85,-1,2.509999999999991,0.7599999999999909,1.75,2.509999999999991,2.154000000000002,2.2093250000000024,0.0,0.0,0.0,0.0,9.0,6.0,2016-03-10,159.99,159.85,159.99,159.85,157.725875,1.0,2.2641250000000026,1.0,183.28700933792527,-0.16038615730553937,0.0,183.12662318061973,-0.0008750546909183088,0.00018325342136637208,1.0,1.0,1.0
2016-03-11,2016-03-11,MMM, 03/11/2016,160.74,162.04,160.65,161.82,-1,1.3899999999999864,2.1899999999999977,0.8000000000000114,2.1899999999999977,2.0935000000000015,2.155800000000002,1.0,1.0,1.0,1.0,9.0,6.0,2016-03-11,159.85,161.82,159.85,161.82,157.640675,1.0,2.2093250000000024,1.0,183.12662318061973,2.256862356370473,0.0,185.3834855369902,0.012324053800437884,0.00018309309396059503,1.0,1.0,1.0
2016-03-14,2016-03-14,MMM, 03/14/2016,160.51,162.76,160.3,161.81,-1,2.4599999999999795,0.9399999999999977,1.5199999999999818,2.4599999999999795,2.0450000000000004,2.1118250000000005,0.0,0.0,0.0,0.0,9.0,6.0,2016-03-14,161.82,161.81,161.82,161.81,159.6642,1.0,2.155800000000002,1.0,185.3834855369902,-0.011456154093245942,0.0,185.37202938289695,-6.179705845998917e-05,0.00018534912487018054,1.0,1.0,1.0
2016-03-15,2016-03-15,MMM, 03/15/2016,158.97,162.49,158.97,162.45,-1,3.5200000000000102,0.6800000000000068,2.8400000000000034,3.5200000000000102,2.124000000000001,2.118750000000001,1.0,1.0,1.0,1.0,9.0,6.0,2016-03-15,161.81,162.45,161.81,162.45,159.698175,1.0,2.1118250000000005,1.0,185.37202938289695,0.7331938619680545,0.0,186.10522324486502,0.003955256164637433,0.00018533767296233884,1.0,1.0,1.0
2016-03-16,2016-03-16,MMM, 03/16/2016,160.85,163.3,160.85,162.94,-1,2.450000000000017,0.8500000000000227,1.5999999999999943,2.450000000000017,2.1625000000000014,2.1403000000000016,1.0,1.0,1.0,1.0,9.0,6.0,2016-03-16,162.45,162.94,162.45,162.94,160.33124999999998,1.0,2.118750000000001,1.0,186.10522324486502,0.5613515505693177,0.0,186.66657479543434,0.0030163127116036303,0.00018607059453532973,1.0,1.0,1.0
2016-03-17,2016-03-17,MMM, 03/17/2016,162.02,164.33,162.02,163.7,-1,2.3100000000000023,1.3900000000000148,0.9199999999999875,2.3100000000000023,2.214500000000001,2.1698750000000016,1.0,1.0,1.0,1.0,9.0,6.0,2016-03-17,162.94,163.7,162.94,163.7,160.7997,1.0,2.1403000000000016,1.0,186.66657479543434,0.8706677110870664,0.0,187.5372425065214,0.004664293605007863,0.0001866317368883613,1.0,1.0,1.0
2016-03-18,2016-03-18,MMM, 03/18/2016,163.31,165.18,163.31,164.98,-1,1.8700000000000045,1.4800000000000182,0.38999999999998636,1.8700000000000045,2.242500000000001,2.197275000000001,1.0,1.0,1.0,1.0,9.0,6.0,2016-03-18,163.7,164.98,163.7,164.98,161.530125,1.0,2.1698750000000016,1.0,187.5372425065214,1.4663877239361574,0.0,189.00363023045756,0.007819181429444155,0.0001875020788836833,1.0,1.0,1.0
2016-03-21,2016-03-21,MMM, 03/21/2016,164.44,165.3,164.34,164.79,-1,0.960000000000008,0.3200000000000216,0.6399999999999864,0.960000000000008,2.1905000000000014,2.1783750000000017,0.0,0.0,0.0,0.0,9.0,6.0,2016-03-21,164.98,164.79,164.98,164.79,162.782725,1.0,2.197275000000001,1.0,189.00363023045756,-0.21766692777177746,0.0,188.7859633026858,-0.001151654746029851,0.00018896791460859945,1.0,1.0,1.0
2016-03-22,2016-03-22,MMM, 03/22/2016,164.39,165.49,164.22,164.92,-1,1.2700000000000102,0.700000000000017,0.5699999999999932,1.2700000000000102,2.1300000000000026,2.144475000000002,0.0,0.0,0.0,0.0,9.0,6.0,2016-03-22,164.79,164.92,164.79,164.92,162.611625,1.0,2.1783750000000017,1.0,188.7859633026858,0.1489300032122755,0.0,188.93489330589807,0.0007888828205595555,0.00018875032988983383,1.0,1.0,1.0
2016-03-23,2016-03-23,MMM, 03/23/2016,164.45,164.98,163.44,164.3,-1,1.539999999999992,0.060000000000002274,1.4799999999999898,1.539999999999992,2.0100000000000025,2.100500000000002,0.0,0.0,0.0,0.0,9.0,6.0,2016-03-23,164.92,164.3,164.92,164.3,162.775525,1.0,2.144475000000002,1.0,188.93489330589807,-0.7102815537815349,0.0,188.22461175211654,-0.0037593984962404066,0.00018889920365500995,1.0,1.0,1.0
2016-03-24,2016-03-24,MMM, 03/24/2016,163.12,164.52,163.04,164.5,-1,1.4800000000000182,0.21999999999999886,1.2600000000000193,1.4800000000000182,1.9845000000000028,1.9835000000000034,0.0,0.0,0.0,0.0,9.0,6.0,2016-03-24,164.3,164.5,164.3,164.5,162.1995,1.0,2.100500000000002,1.0,188.22461175211654,0.22912308186499616,0.0,188.45373483398154,0.0012172854534386879,0.00018818918991490887,1.0,1.0,1.0
2016-03-28,2016-03-28,MMM, 03/28/2016,163.48,166.62,163.48,166.25,-1,3.140000000000015,2.1200000000000045,1.0200000000000102,3.140000000000015,2.070000000000003,2.042275000000003,1.0,1.0,1.0,1.0,9.0,6.0,2016-03-28,164.5,166.25,164.5,166.25,162.5165,1.0,1.9835000000000034,1.0,188.45373483398154,2.0048269663189657,0.0,190.45856180030052,0.010638297872340495,0.00018841822671544623,1.0,1.0,1.0
2016-03-29,2016-03-29,MMM, 03/29/2016,164.16,164.94,163.08,164.44,-1,1.8599999999999852,1.3100000000000023,3.1699999999999875,3.1699999999999875,2.050500000000002,2.125000000000002,0.0,0.0,0.0,0.0,9.0,6.0,2016-03-29,166.25,164.44,166.25,164.44,164.207725,1.0,2.042275000000003,1.0,190.45856180030052,-2.0735638908784697,0.0,188.38499790942205,-0.010887218045112834,0.0001904222942440041,1.0,1.0,1.0
2016-03-30,2016-03-30,MMM, 03/30/2016,164.8,167.21,164.75,166.76,-1,2.460000000000008,2.7700000000000102,0.3100000000000023,2.7700000000000102,2.046000000000002,2.0864750000000027,1.0,1.0,1.0,1.0,9.0,6.0,2016-03-30,164.44,166.76,164.44,166.76,162.315,1.0,2.125000000000002,1.0,188.38499790942205,2.657827749634274,0.0,191.04282565905632,0.014108489418632963,0.00018834951568630324,1.0,1.0,1.0
2016-03-31,2016-03-31,MMM, 03/31/2016,166.19,167.47,166.19,166.6,-1,1.2800000000000011,0.710000000000008,0.5699999999999932,1.2800000000000011,2.0420000000000016,2.007700000000002,0.0,0.0,0.0,0.0,9.0,6.0,2016-03-31,166.76,166.6,166.76,166.6,164.67352499999998,1.0,2.0864750000000027,1.0,191.04282565905632,-0.18329846549202497,0.0,190.8595271935643,-0.0009594627008875367,0.00019100633526904773,1.0,1.0,1.0
2016-04-01,2016-04-01,MMM, 04/01/2016,165.34,167.71,164.78,167.5,-1,2.930000000000007,1.1100000000000136,1.8199999999999932,2.930000000000007,2.1290000000000022,2.086400000000002,1.0,1.0,1.0,1.0,9.0,6.0,2016-04-01,166.6,167.5,166.6,167.5,164.5923,1.0,2.007700000000002,1.0,190.8595271935643,1.0310538683926067,0.0,191.8905810619569,0.005402160864345751,0.00019082310678562557,1.0,1.0,1.0
2016-04-04,2016-04-04,MMM, 04/04/2016,166.33,167.25,165.9,166.44,-1,1.3499999999999943,0.25,1.5999999999999943,1.5999999999999943,2.1225000000000023,2.1025500000000017,0.0,0.0,0.0,0.0,9.0,6.0,2016-04-04,167.5,166.44,167.5,166.44,165.4136,1.0,2.086400000000002,1.0,191.8905810619569,-1.2143523338846327,0.0,190.6762287280723,-0.006328358208955275,0.00019185376613129506,1.0,1.0,1.0
2016-04-05,2016-04-05,MMM, 04/05/2016,164.75,166.5,164.6,165.83,-1,1.9000000000000057,0.060000000000002274,1.8400000000000034,1.9000000000000057,2.0995000000000017,2.1113750000000024,0.0,0.0,0.0,0.0,9.0,6.0,2016-04-05,166.44,165.83,166.44,165.83,164.33745,1.0,2.1025500000000017,1.0,190.6762287280723,-0.6988253996883127,0.0,189.97740332838399,-0.003664984378755065,0.00019063987823504525,1.0,1.0,1.0
2016-04-06,2016-04-06,MMM, 04/06/2016,164.89,167.05,164.83,166.8,-1,2.219999999999999,1.2199999999999989,1.0,2.219999999999999,2.1410000000000027,2.1055250000000014,0.0,0.0,0.0,0.0,9.0,6.0,2016-04-06,165.83,166.8,165.83,166.8,163.718625,1.0,2.1113750000000024,1.0,189.97740332838399,1.1112469470453767,0.0,191.08865027542936,0.005849363806307739,0.0001899413187698593,1.0,1.0,1.0
2016-04-07,2016-04-07,MMM, 04/07/2016,165.19,167.21,165.19,167.17,-1,2.0200000000000102,0.4099999999999966,1.6100000000000136,2.0200000000000102,2.179500000000003,2.134950000000003,0.0,0.0,0.0,0.0,9.0,6.0,2016-04-07,166.8,167.17,166.8,167.17,164.694475,1.0,2.1055250000000014,1.0,191.08865027542936,0.4238777014502606,0.0,191.51252797687962,0.0022182254196640994,0.00019105214237940984,1.0,1.0,1.0
2016-04-08,2016-04-08,MMM, 04/08/2016,167.71,167.97,166.08,166.6,-1,1.8899999999999864,0.8000000000000114,1.089999999999975,1.8899999999999864,2.148500000000003,2.165025000000002,0.0,0.0,0.0,0.0,9.0,6.0,2016-04-08,167.17,166.6,167.17,166.6,165.03504999999998,1.0,2.134950000000003,1.0,191.51252797687962,-0.6530007833153106,0.0,190.8595271935643,-0.0034097026978524574,0.00019147585795127684,1.0,1.0,1.0
2016-04-11,2016-04-11,MMM, 04/11/2016,166.67,167.96,166.56,166.6,-1,1.4000000000000057,1.3600000000000136,0.03999999999999204,1.4000000000000057,2.109000000000003,2.111075000000003,0.0,0.0,0.0,0.0,9.0,6.0,2016-04-11,166.6,166.6,166.6,166.6,164.43497499999998,1.0,2.165025000000002,1.0,190.8595271935643,0.0,0.0,190.8595271935643,0.0,0.00019082310678562557,1.0,1.0,1.0
2016-04-12,2016-04-12,MMM, 04/12/2016,166.64,168.38,166.64,167.99,-1,1.740000000000009,1.7800000000000011,0.03999999999999204,1.7800000000000011,2.075000000000004,2.0925500000000032,1.0,1.0,1.0,1.0,9.0,6.0,2016-04-12,166.6,167.99,166.6,167.99,164.488925,1.0,2.111075000000003,1.0,190.8595271935643,1.5924054189619115,0.0,192.4519326125262,0.008343337334933976,0.00019082310678562557,1.0,1.0,1.0
2016-04-13,2016-04-13,MMM, 04/13/2016,167.62,168.82,167.62,168.55,-1,1.1999999999999886,0.8299999999999841,0.37000000000000455,1.1999999999999886,1.9590000000000032,2.0312500000000036,1.0,1.0,1.0,1.0,9.0,6.0,2016-04-13,167.99,168.55,167.99,168.55,165.89745,1.0,2.0925500000000032,1.0,192.4519326125262,0.6415446292220551,0.0,193.09347724174827,0.003333531757842678,0.00019241490199277425,1.0,1.0,1.0
2016-04-14,2016-04-14,MMM, 04/14/2016,167.9,168.85,167.83,168.11,-1,1.0199999999999818,0.29999999999998295,0.7199999999999989,1.0199999999999818,1.8875000000000015,1.912050000000002,0.0,0.0,0.0,0.0,9.0,6.0,2016-04-14,168.55,168.11,168.55,168.11,166.51875,1.0,2.0312500000000036,1.0,193.09347724174827,-0.5040707801030541,0.0,192.5894064616452,-0.0026105013349154715,0.00019305619934891294,1.0,1.0,1.0
2016-04-15,2016-04-15,MMM, 04/15/2016,167.91,168.99,167.91,168.71,-1,1.0800000000000125,0.8799999999999955,0.20000000000001705,1.0800000000000125,1.8260000000000018,1.847125000000002,1.0,1.0,1.0,1.0,9.0,6.0,2016-04-15,168.11,168.71,168.11,168.71,166.19795000000002,1.0,1.912050000000002,1.0,192.5894064616452,0.6873692455950833,0.0,193.2767757072403,0.003569091666171031,0.00019255232292406045,1.0,1.0,1.0
2016-04-18,2016-04-18,MMM, 04/18/2016,168.14,169.87,168.14,169.56,-1,1.7300000000000182,1.1599999999999966,0.5700000000000216,1.7300000000000182,1.8190000000000026,1.8212000000000028,1.0,1.0,1.0,1.0,9.0,6.0,2016-04-18,168.71,169.56,168.71,169.56,166.862875,1.0,1.847125000000002,1.0,193.2767757072403,0.9737730979263418,0.0,194.25054880516663,0.005038231284452577,0.00019323942701384754,1.0,1.0,1.0
2016-04-19,2016-04-19,MMM, 04/19/2016,168.97,170.75,168.97,169.63,-1,1.7800000000000011,1.1899999999999977,0.5900000000000034,1.7800000000000011,1.8600000000000023,1.8170500000000025,1.0,1.0,1.0,1.0,9.0,6.0,2016-04-19,169.56,169.63,169.56,169.63,167.7388,1.0,1.8212000000000028,1.0,194.25054880516663,0.08019307865275928,0.0,194.3307418838194,0.0004128332153809921,0.00019421282285774153,1.0,1.0,1.0
2016-04-20,2016-04-20,MMM, 04/20/2016,169.72,170.36,168.6,168.92,-1,1.7600000000000193,0.7300000000000182,1.0300000000000011,1.7600000000000193,1.8845000000000027,1.8550000000000033,0.0,0.0,0.0,0.0,9.0,6.0,2016-04-20,169.63,168.92,169.63,168.92,167.81295,1.0,1.8170500000000025,1.0,194.3307418838194,-0.8133869406208484,0.0,193.51735494319854,-0.004185580380828946,0.0001942929847839435,1.0,1.0,1.0
2016-04-21,2016-04-21,MMM, 04/21/2016,168.07,169.69,168.07,168.69,-1,1.6200000000000045,0.7700000000000102,0.8499999999999943,1.6200000000000045,1.8885000000000034,1.871275000000003,0.0,0.0,0.0,0.0,9.0,6.0,2016-04-21,168.92,168.69,168.92,168.69,167.065,1.0,1.8550000000000033,1.0,193.51735494319854,-0.2634915441447629,0.0,193.25386339905378,-0.0013615912858157,0.00019347991322215714,1.0,1.0,1.0
2016-04-22,2016-04-22,MMM, 04/22/2016,168.56,169.72,167.84,168.64,-1,1.8799999999999955,1.0300000000000011,0.8499999999999943,1.8799999999999955,1.9085000000000023,1.888075000000003,0.0,0.0,0.0,0.0,9.0,6.0,2016-04-22,168.69,168.64,168.69,168.64,166.818725,1.0,1.871275000000003,1.0,193.25386339905378,-0.05728077046626261,0.0,193.19658262858752,-0.0002964016835615979,0.0001932165235594034,1.0,1.0,1.0
2016-04-25,2016-04-25,MMM, 04/25/2016,167.24,168.48,166.63,168.32,-1,1.8499999999999943,0.1599999999999966,2.009999999999991,2.009999999999991,1.852000000000001,1.9135750000000016,0.0,0.0,0.0,0.0,9.0,6.0,2016-04-25,168.64,168.32,168.64,168.32,166.75192499999997,1.0,1.888075000000003,1.0,193.19658262858752,-0.36659693098402535,0.0,192.8299856976035,-0.001897533206831059,0.0001931592649187022,1.0,1.0,1.0
2016-04-26,2016-04-26,MMM, 04/26/2016,167.85,167.85,164.96,166.12,-1,2.8899999999999864,0.46999999999999886,3.359999999999985,3.359999999999985,1.8615000000000008,1.9274,0.0,-1.0,0.0,0.0,9.0,6.0,2016-04-26,168.32,166.12,168.32,166.12,166.40642499999998,1.0,1.9135750000000016,1.0,192.8299856976035,-2.5203539005152376,0.2963665461442711,190.013265250944,-0.013070342205323104,0.00019279280946291215,1.0,1.0,1.0
2016-04-27,2016-04-27,MMM, 04/27/2016,165.57,168.37,165.57,167.79,-1,2.8000000000000114,2.25,0.5500000000000114,2.8000000000000114,1.8630000000000009,1.9084250000000016,0.0,0.0,0.0,0.0,,,,,,,,,,,,,,,,,,,,
2016-04-28,2016-04-28,MMM, 04/28/2016,166.08,168.73,166.06,167.03,-1,2.6699999999999875,0.9399999999999977,1.7299999999999898,2.6699999999999875,1.9325000000000003,1.9033500000000003,0.0,0.0,0.0,0.0,,,,,,,,,,,,,,,,,,,,
2016-04-29,2016-04-29,MMM, 04/29/2016,166.57,167.75,166.34,167.44,-1,1.4099999999999966,0.7199999999999989,0.6899999999999977,1.4099999999999966,1.8564999999999998,1.9063750000000002,0.0,0.0,0.0,0.0,,,,,,,,,,,,,,,,,,,,
2016-05-02,2016-05-02,MMM, 05/02/2016,167.24,168.49,166.92,168.35,-1,1.5700000000000216,1.0500000000000114,0.5200000000000102,1.5700000000000216,1.855000000000001,1.842175000000001,0.0,0.0,0.0,0.0,,,,,,,,,,,,,,,,,,,,
2016-05-03,2016-05-03,MMM, 05/03/2016,167.02,168.05,166.63,167.96,-1,1.420000000000016,0.29999999999998295,1.7199999999999989,1.7199999999999989,1.8460000000000008,1.8482500000000008,0.0,0.0,0.0,0.0,,,,,,,,,,,,,,,,,,,,
2016-05-04,2016-05-04,MMM, 05/04/2016,166.22,167.61,166.22,167.16,-1,1.3900000000000148,0.3499999999999943,1.740000000000009,1.740000000000009,1.8220000000000014,1.8407000000000011,0.0,0.0,0.0,0.0,,,,,,,,,,,,,,,,,,,,
2016-05-05,2016-05-05,MMM, 05/05/2016,167.18,168.3,167.13,167.73,-1,1.170000000000016,1.1400000000000148,0.030000000000001137,1.170000000000016,1.7795000000000016,1.7894000000000019,0.0,0.0,0.0,0.0,,,,,,,,,,,,,,,,,,,,
2016-05-06,2016-05-06,MMM, 05/06/2016,166.41,169.04,166.41,168.87,-1,2.6299999999999955,1.3100000000000023,1.3199999999999932,2.6299999999999955,1.816500000000002,1.8220250000000013,0.0,1.0,0.0,0.0,,,,,,,,,,,,,,,,,,,,
2016-05-09,2016-05-09,MMM, 05/09/2016,168.05,168.99,167.69,168.51,-1,1.3000000000000114,0.12000000000000455,1.1800000000000068,1.3000000000000114,1.8115000000000023,1.7906750000000025,0.0,0.0,0.0,0.0,,,,,,,,,,,,,,,,,,,,
2016-05-10,2016-05-10,MMM, 05/10/2016,168.25,170.38,168.25,170.29,-1,2.1299999999999955,1.8700000000000045,0.2599999999999909,2.1299999999999955,1.829000000000002,1.827425000000002,1.0,1.0,1.0,1.0,,,,,,,,,,,,,,,,,,,,
2016-05-11,2016-05-11,MMM, 05/11/2016,168.81,171.25,168.81,169.78,-1,2.4399999999999977,0.960000000000008,1.4799999999999898,2.4399999999999977,1.8910000000000025,1.8595500000000018,0.0,0.0,0.0,0.0,35.0,1.0,2016-05-11,170.29,169.78,170.29,169.78,168.462575,1.0,1.827425000000002,1.0,54.72180800853654,-0.16388585403930325,0.5472180800853654,54.010704074411876,-0.0029948910681777408,5.471881369611901e-05,0.0,1.0,1.0
2016-05-12,2016-05-12,MMM, 05/12/2016,169.19,170.63,168.75,170.18,-1,1.8799999999999955,0.8499999999999943,1.0300000000000011,1.8799999999999955,1.9340000000000033,1.890450000000002,0.0,0.0,0.0,0.0,35.0,1.0,2016-05-12,169.78,170.18,169.78,170.18,167.92045,1.0,1.8595500000000018,1.0,54.010704074411876,0.1272486843548398,0.0,54.137952758766716,0.0023559901048415544,5.400778707580641e-05,0.0,1.0,1.0
2016-05-13,2016-05-13,MMM, 05/13/2016,169.55,170.36,167.78,168.32,-1,2.5800000000000125,0.18000000000000682,2.4000000000000057,2.5800000000000125,2.009000000000003,1.9663000000000035,0.0,0.0,0.0,0.0,35.0,1.0,2016-05-13,170.18,168.32,170.18,168.32,168.28955,1.0,1.890450000000002,1.0,54.137952758766716,-0.5917063822500094,0.0,53.546246376516706,-0.010929603948760191,5.4135021999503106e-05,0.0,1.0,1.0
2016-05-16,2016-05-16,MMM, 05/16/2016,167.92,169.9,167.92,169.55,-1,1.9800000000000182,1.5800000000000125,0.4000000000000057,1.9800000000000182,2.021500000000003,2.0075500000000037,0.0,0.0,0.0,0.0,35.0,1.0,2016-05-16,168.32,169.55,168.32,169.55,166.3537,1.0,1.9663000000000035,1.0,53.546246376516706,0.3912897043911417,0.0,53.93753608090785,0.00730750950570358,5.35433793295353e-05,0.0,1.0,1.0
2016-05-17,2016-05-17,MMM, 05/17/2016,169.05,169.79,167.08,167.77,-1,2.7099999999999795,0.23999999999998067,2.469999999999999,2.7099999999999795,2.0680000000000023,2.055925000000002,0.0,0.0,0.0,0.0,35.0,1.0,2016-05-17,169.55,167.77,169.55,167.77,167.54245,1.0,2.0075500000000037,1.0,53.93753608090785,-0.5662566453790377,0.0,53.37127943552881,-0.010498378059569435,5.39346269800191e-05,0.0,1.0,1.0
2016-05-18,2016-05-18,MMM, 05/18/2016,166.23,167.93,165.73,166.77,-1,2.200000000000017,0.1599999999999966,2.0400000000000205,2.200000000000017,2.090000000000002,2.074600000000003,0.0,-1.0,0.0,0.0,35.0,1.0,2016-05-18,167.77,166.77,167.77,166.77,165.714075,1.0,2.055925000000002,1.0,53.37127943552881,-0.3181217108871,0.5472180800853654,52.50593964455635,-0.005960541217142511,5.3368431094079855e-05,0.0,1.0,1.0
2016-05-19,2016-05-19,MMM, 05/19/2016,165.21,166.0,163.16,165.11,-1,2.8400000000000034,0.7700000000000102,3.6100000000000136,3.6100000000000136,2.1895000000000024,2.1660000000000026,-1.0,-1.0,0.0,-1.0,,,,,,,,,,,,,,,,,,,,
2016-05-20,2016-05-20,MMM, 05/20/2016,164.88,166.45,164.88,165.01,-1,1.5699999999999932,1.339999999999975,0.2300000000000182,1.5699999999999932,2.174000000000002,2.158525000000002,-1.0,-1.0,0.0,-1.0,36.0,1.0,2016-05-20,165.11,165.01,165.11,165.01,167.276,1.0,2.1660000000000026,-1.0,46.16805170821786,0.027961996068212657,0.4616805170821786,45.734333187203895,0.0006056568348374869,4.616592031762148e-05,1.0,1.0,1.0
2016-05-23,2016-05-23,MMM, 05/23/2016,164.22,166.56,164.22,166.14,-1,2.3400000000000034,1.5500000000000114,0.789999999999992,2.3400000000000034,2.190500000000003,2.1823000000000023,0.0,0.0,0.0,0.0,36.0,1.0,2016-05-23,165.01,166.14,165.01,166.14,167.168525,1.0,2.158525000000002,-1.0,45.734333187203895,-0.3131919065604495,0.0,45.42114128064345,-0.006848069813950586,4.573224165362671e-05,1.0,1.0,1.0
2016-05-24,2016-05-24,MMM, 05/24/2016,166.69,168.78,166.53,168.59,-1,2.25,2.640000000000015,0.3900000000000148,2.640000000000015,2.1545000000000045,2.2129750000000032,0.0,0.0,0.0,0.0,36.0,1.0,2016-05-24,166.14,168.59,166.14,168.59,168.32229999999998,1.0,2.1823000000000023,-1.0,45.42114128064345,-0.6698073681086828,0.4616805170821786,44.28965339545258,-0.014746599253641522,4.54190782942714e-05,1.0,1.0,1.0
2016-05-25,2016-05-25,MMM, 05/25/2016,168.31,170.35,168.31,169.94,-1,2.039999999999992,1.759999999999991,0.28000000000000114,2.039999999999992,2.1165000000000034,2.1487750000000037,0.0,0.0,0.0,0.0,,,,,,,,,,,,,,,,,,,,
2016-05-26,2016-05-26,MMM, 05/26/2016,169.81,170.59,168.52,168.88,-1,2.069999999999993,0.6500000000000057,1.4199999999999875,2.069999999999993,2.0865000000000036,2.114175000000003,0.0,0.0,0.0,0.0,,,,,,,,,,,,,,,,,,,,
2016-05-27,2016-05-27,MMM, 05/27/2016,168.5,169.01,168.28,168.87,-1,0.7299999999999898,0.12999999999999545,0.5999999999999943,0.7299999999999898,2.0525000000000033,2.0186750000000027,0.0,0.0,0.0,0.0,,,,,,,,,,,,,,,,,,,,
2016-05-31,2016-05-31,MMM, 05/31/2016,169.25,169.7,167.63,168.32,-1,2.069999999999993,0.8299999999999841,1.240000000000009,2.069999999999993,2.077500000000002,2.053375000000003,0.0,0.0,0.0,0.0,,,,,,,,,,,,,,,,,,,,
2016-06-01,2016-06-01,MMM, 06/01/2016,167.15,168.93,167.07,168.64,-1,1.8600000000000136,0.6100000000000136,1.25,1.8600000000000136,2.084500000000003,2.066625000000003,0.0,0.0,0.0,0.0,,,,,,,,,,,,,,,,,,,,
2016-06-02,2016-06-02,MMM, 06/02/2016,167.76,168.51,167.26,168.01,-1,1.25,0.12999999999999545,1.3799999999999955,1.3799999999999955,2.0665000000000022,2.0492750000000024,0.0,0.0,0.0,0.0,,,,,,,,,,,,,,,,,,,,
2016-06-03,2016-06-03,MMM, 06/03/2016,166.55,168.62,166.55,168.39,-1,2.069999999999993,0.6100000000000136,1.4599999999999795,2.069999999999993,2.111500000000001,2.066675000000002,0.0,0.0,0.0,0.0,,,,,,,,,,,,,,,,,,,,
2016-06-06,2016-06-06,MMM, 06/06/2016,167.73,170.56,167.73,170.09,-1,2.8300000000000125,2.170000000000016,0.6599999999999966,2.8300000000000125,2.121500000000002,2.1474250000000015,0.0,1.0,0.0,0.0,,,,,,,,,,,,,,,,,,,,
2016-06-07,2016-06-07,MMM, 06/07/2016,169.31,171.48,169.31,170.94,-1,2.1699999999999875,1.3899999999999864,0.7800000000000011,2.1699999999999875,2.1650000000000005,2.123925000000001,1.0,1.0,1.0,1.0,,,,,,,,,,,,,,,,,,,,
2016-06-08,2016-06-08,MMM, 06/08/2016,170.25,171.88,170.25,171.42,-1,1.6299999999999955,0.9399999999999977,0.6899999999999977,1.6299999999999955,2.1400000000000006,2.13825,1.0,1.0,1.0,1.0,38.0,1.0,2016-06-08,170.94,171.42,170.94,171.42,168.81607499999998,1.0,2.123925000000001,1.0,47.08264180703176,0.13220819040232773,0.47082641807031766,46.74402357936378,0.002808002808002641,4.7080425136238954e-05,1.0,1.0,1.0
2016-06-09,2016-06-09,MMM, 06/09/2016,169.83,171.45,169.38,170.15,-1,2.069999999999993,0.030000000000001137,2.039999999999992,2.069999999999993,2.1215,2.1365000000000003,0.0,0.0,0.0,0.0,38.0,1.0,2016-06-09,171.42,170.15,171.42,170.15,169.28175,1.0,2.13825,1.0,46.74402357936378,-0.34631262364829735,0.0,46.39771095571548,-0.007408703768521652,4.674183867775448e-05,1.0,1.0,1.0
2016-06-10,2016-06-10,MMM, 06/10/2016,168.25,169.25,167.86,168.55,-1,1.3899999999999864,0.9000000000000057,2.289999999999992,2.289999999999992,2.1420000000000003,2.1299249999999996,0.0,0.0,0.0,0.0,38.0,1.0,2016-06-10,170.15,168.55,170.15,168.55,168.0135,1.0,2.1365000000000003,1.0,46.39771095571548,-0.4362993683758135,0.0,45.96141158733967,-0.009403467528651177,4.639555830801148e-05,1.0,1.0,1.0
2016-06-13,2016-06-13,MMM, 06/13/2016,167.5,168.58,167.1,167.14,-1,1.4800000000000182,0.030000000000001137,1.450000000000017,1.4800000000000182,2.0870000000000006,2.108900000000001,0.0,-1.0,0.0,0.0,38.0,1.0,2016-06-13,168.55,167.14,168.55,167.14,166.42007500000003,1.0,2.1299249999999996,1.0,45.96141158733967,-0.38448881838119103,0.47082641807031766,45.10609635088816,-0.008365470186888269,4.595929923307135e-05,1.0,1.0,1.0
2016-06-14,2016-06-14,MMM, 06/14/2016,166.63,167.78,166.56,167.58,-1,1.2199999999999989,0.6400000000000148,0.5799999999999841,1.2199999999999989,2.0489999999999995,2.0436500000000004,0.0,0.0,0.0,0.0,,,,,,,,,,,,,,,,,,,,
2016-06-15,2016-06-15,MMM, 06/15/2016,167.76,168.81,167.42,167.77,-1,1.3900000000000148,1.2299999999999898,0.160000000000025,1.3900000000000148,1.9830000000000012,2.0160500000000003,0.0,0.0,0.0,0.0,,,,,,,,,,,,,,,,,,,,
2016-06-16,2016-06-16,MMM, 06/16/2016,166.02,170.39,166.02,169.92,-1,4.369999999999976,2.619999999999976,1.75,4.369999999999976,2.091499999999999,2.10235,0.0,0.0,0.0,0.0,,,,,,,,,,,,,,,,,,,,
2016-06-17,2016-06-17,MMM, 06/17/2016,168.85,169.69,168.37,168.94,-1,1.3199999999999932,0.22999999999998977,1.549999999999983,1.549999999999983,1.9884999999999977,2.064424999999998,0.0,0.0,0.0,0.0,,,,,,,,,,,,,,,,,,,,
2016-06-20,2016-06-20,MMM, 06/20/2016,169.41,172.8,169.41,171.23,-1,3.390000000000015,3.8600000000000136,0.46999999999999886,3.8600000000000136,2.102999999999999,2.082074999999999,0.0,0.0,0.0,0.0,,,,,,,,,,,,,,,,,,,,
2016-06-21,2016-06-21,MMM, 06/21/2016,170.4,171.96,170.4,171.37,-1,1.5600000000000023,0.7300000000000182,0.8299999999999841,1.5600000000000023,2.0639999999999987,2.075849999999999,0.0,0.0,0.0,0.0,,,,,,,,,,,,,,,,,,,,
2016-06-22,2016-06-22,MMM, 06/22/2016,171.08,172.58,170.96,171.19,-1,1.6200000000000045,1.210000000000008,0.4099999999999966,1.6200000000000045,2.012999999999998,2.041799999999999,0.0,0.0,0.0,0.0,,,,,,,,,,,,,,,,,,,,
2016-06-23,2016-06-23,MMM, 06/23/2016,171.37,174.11,171.37,174.06,-1,2.740000000000009,2.920000000000016,0.18000000000000682,2.920000000000016,2.0569999999999995,2.058349999999999,1.0,1.0,1.0,1.0,,,,,,,,,,,,,,,,,,,,
2016-06-24,2016-06-24,MMM, 06/24/2016,168.54,171.47,168.38,169.0,-1,3.0900000000000034,2.5900000000000034,5.680000000000007,5.680000000000007,2.2375,2.23815,0.0,0.0,0.0,0.0,40.0,1.0,2016-06-24,174.06,169.0,174.06,169.0,172.00165,1.0,2.058349999999999,1.0,48.5826025700197,-1.4123174135602654,0.485826025700197,46.68445913075924,-0.02907043548201771,4.858024241540968e-05,1.0,1.0,1.0
2016-06-27,2016-06-27,MMM, 06/27/2016,167.57,167.82,165.14,167.14,-1,2.680000000000007,1.1800000000000068,3.8600000000000136,3.8600000000000136,2.394000000000001,2.3186250000000004,-1.0,-1.0,0.0,-1.0,,,,,,,,,,,,,,,,,,,,
2016-06-28,2016-06-28,MMM, 06/28/2016,168.04,169.63,167.96,169.6,-1,1.6699999999999875,2.490000000000009,0.8200000000000216,2.490000000000009,2.415000000000002,2.3988000000000014,0.0,0.0,0.0,0.0,41.0,1.0,2016-06-28,167.14,169.6,167.14,169.6,169.45862499999998,1.0,2.3186250000000004,-1.0,43.129009650115904,-0.6347814032504768,0.43129009650115907,42.06293815036427,-0.01471820031111637,4.312714961886381e-05,1.0,1.0,1.0
2016-06-29,2016-06-29,MMM, 06/29/2016,170.67,171.75,170.36,171.46,-1,1.3899999999999864,2.1500000000000057,0.7600000000000193,2.1500000000000057,2.4295000000000018,2.401750000000002,0.0,0.0,0.0,0.0,,,,,,,,,,,,,,,,,,,,
2016-06-30,2016-06-30,MMM, 06/30/2016,171.08,175.09,171.08,175.05,-1,4.009999999999991,3.6299999999999955,0.37999999999999545,4.009999999999991,2.5610000000000013,2.5085250000000014,1.0,1.0,1.0,1.0,,,,,,,,,,,,,,,,,,,,
2016-07-01,2016-07-01,MMM, 07/01/2016,174.05,176.07,174.05,175.46,-1,2.019999999999982,1.0199999999999818,1.0,2.019999999999982,2.558500000000001,2.5339500000000004,1.0,1.0,1.0,1.0,42.0,1.0,2016-07-01,175.05,175.46,175.05,175.46,172.54147500000002,1.0,2.5085250000000014,1.0,39.864063543317265,0.09336912912173614,0.39864063543317263,39.55879203700582,0.002342187946301033,3.9862474463102276e-05,1.0,1.0,1.0
2016-07-05,2016-07-05,MMM, 07/05/2016,174.66,175.77,173.51,175.62,-1,2.2600000000000193,0.3100000000000023,1.950000000000017,2.2600000000000193,2.530000000000001,2.5435750000000015,1.0,1.0,1.0,1.0,42.0,1.0,2016-07-05,175.46,175.62,175.46,175.62,172.92605,1.0,2.5339500000000004,1.0,39.55879203700582,0.0360732174052233,0.0,39.59486525441105,0.000911888749572487,3.955722720088143e-05,1.0,1.0,1.0
2016-07-06,2016-07-06,MMM, 07/06/2016,174.86,175.27,174.03,175.13,-1,1.240000000000009,0.3499999999999943,1.5900000000000034,1.5900000000000034,2.501000000000002,2.4830000000000014,0.0,0.0,0.0,0.0,42.0,1.0,2016-07-06,175.62,175.13,175.62,175.13,173.076425,1.0,2.5435750000000015,1.0,39.59486525441105,-0.11047422830350741,0.0,39.48439102610754,-0.0027901150210682957,3.9593297563129056e-05,1.0,1.0,1.0
2016-07-07,2016-07-07,MMM, 07/07/2016,173.94,175.59,173.94,174.82,-1,1.6500000000000057,0.46000000000000796,1.1899999999999977,1.6500000000000057,2.5020000000000024,2.4584500000000022,0.0,0.0,0.0,0.0,42.0,1.0,2016-07-07,175.13,174.82,175.13,174.82,172.647,1.0,2.4830000000000014,1.0,39.48439102610754,-0.06989185872262721,0.0,39.41449916738491,-0.001770113629875003,3.948283207052725e-05,1.0,1.0,1.0
2016-07-08,2016-07-08,MMM, 07/08/2016,175.13,177.79,175.13,177.03,-1,2.6599999999999966,2.969999999999999,0.3100000000000023,2.969999999999999,2.547000000000003,2.525400000000002,1.0,1.0,1.0,1.0,42.0,1.0,2016-07-08,174.82,177.03,174.82,177.03,172.36155,1.0,2.4584500000000022,1.0,39.41449916738491,0.4982613154096839,0.0,39.912760482794596,0.012641574190596083,3.9412945725868414e-05,1.0,1.0,1.0
2016-07-11,2016-07-11,MMM, 07/11/2016,177.01,178.47,177.01,177.93,-1,1.460000000000008,1.4399999999999977,0.020000000000010232,1.460000000000008,2.5055000000000036,2.492650000000003,1.0,1.0,1.0,1.0,42.0,2.0,2016-07-11,177.03,177.93,176.30426250000002,177.93,174.5046,1.0,2.525400000000002,1.0,79.77682402611185,0.7356383368788434,0.39864063543317263,80.11382172755754,0.009221203599657724,7.977046019214663e-05,1.0,1.0,1.0
2016-07-12,2016-07-12,MMM, 07/12/2016,177.13,179.63,177.13,179.16,-1,2.5,1.6999999999999886,0.8000000000000114,2.5,2.5565000000000024,2.5052250000000034,1.0,1.0,1.0,1.0,42.0,3.0,2016-07-12,177.93,179.16,177.558525,179.16,175.43735,1.0,2.492650000000003,1.0,119.9778852708748,1.0821309977325773,0.39864063543317263,120.6613756331742,0.00901942049811466,0.00011996349230475836,1.0,1.0,1.0
2016-07-13,2016-07-13,MMM, 07/13/2016,177.35,179.66,177.35,179.16,-1,2.3100000000000023,0.5,1.8100000000000023,2.3100000000000023,2.611000000000003,2.5441750000000023,1.0,1.0,1.0,1.0,42.0,4.0,2016-07-13,179.16,179.16,178.8127875,179.16,176.654775,1.0,2.5052250000000034,1.0,160.52543917649146,0.3117027581154709,0.39864063543317263,160.43850129917377,0.0019417654903455261,0.00016049967489569115,1.0,1.0,1.0
2016-07-14,2016-07-14,MMM, 07/14/2016,179.58,181.24,179.58,180.82,-1,1.6599999999999966,2.0800000000000125,0.4200000000000159,2.0800000000000125,2.645500000000003,2.584450000000003,1.0,1.0,1.0,1.0,42.0,4.0,2016-07-14,179.16,180.82,179.16,180.82,176.615825,1.0,2.5441750000000023,1.0,160.43850129917377,1.4865366831693947,0.0,161.92503798234316,0.009265461040410816,0.00016041276491558147,1.0,1.0,1.0
2016-07-15,2016-07-15,MMM, 07/15/2016,179.73,181.82,179.73,181.32,-1,2.0900000000000034,1.0,1.0900000000000034,2.0900000000000034,2.531500000000004,2.6177250000000027,1.0,1.0,1.0,1.0,42.0,5.0,2016-07-15,180.82,181.32,180.06705000000002,181.32,178.23555,1.0,2.584450000000003,1.0,201.7891015256604,1.4040972779671168,0.39864063543317263,202.79455816819436,0.006958241388415942,0.00020174839089912662,1.0,1.0,1.0
2016-07-18,2016-07-18,MMM, 07/18/2016,180.16,181.69,180.16,181.07,-1,1.5300000000000011,0.37000000000000455,1.1599999999999966,1.5300000000000011,2.530500000000005,2.4814250000000038,0.0,0.0,0.0,0.0,42.0,5.0,2016-07-18,181.32,181.07,181.32,181.07,178.702275,1.0,2.6177250000000027,1.0,202.79455816819436,-0.2796086451690257,0.0,202.51494952302534,-0.0013787778513125735,0.0002027534408737353,1.0,1.0,1.0
2016-07-19,2016-07-19,MMM, 07/19/2016,179.64,181.6,179.64,181.26,-1,1.960000000000008,0.5300000000000011,1.4300000000000068,1.960000000000008,2.4355000000000047,2.501975000000005,0.0,0.0,0.0,0.0,42.0,5.0,2016-07-19,181.07,181.26,181.07,181.26,178.588575,1.0,2.4814250000000038,1.0,202.51494952302534,0.21250257032846637,0.0,202.7274520933538,0.0010493179433368471,0.00020247394552216818,1.0,1.0,1.0
2016-07-20,2016-07-20,MMM, 07/20/2016,180.35,182.26,180.35,181.42,-1,1.9099999999999966,1.0,0.9099999999999966,1.9099999999999966,2.4530000000000043,2.409225000000004,1.0,1.0,1.0,1.0,42.0,5.0,2016-07-20,181.26,181.42,181.26,181.42,178.75802499999998,1.0,2.501975000000005,1.0,202.7274520933538,0.17894953290815652,0.0,202.90640162626195,0.0008827099194526067,0.00020268636200361073,1.0,1.0,1.0
2016-07-21,2016-07-21,MMM, 07/21/2016,180.9,181.44,179.7,180.2,-1,1.740000000000009,0.020000000000010232,1.7199999999999989,1.740000000000009,2.4590000000000045,2.4173500000000048,0.0,0.0,0.0,0.0,42.0,6.0,2016-07-21,181.42,180.2,181.3213125,180.2,179.010775,1.0,2.409225000000004,1.0,242.7704651695792,-1.5013213475689429,0.39864063543317263,240.8705031865771,-0.006184118593339782,0.00024271154197563177,1.0,1.0,1.0
2016-07-22,2016-07-22,MMM, 07/22/2016,179.14,180.52,179.14,180.38,-1,1.3800000000000239,0.3200000000000216,1.0600000000000023,1.3800000000000239,2.382000000000005,2.4050500000000055,0.0,0.0,0.0,0.0,42.0,6.0,2016-07-22,180.2,180.38,180.2,180.38,177.78265,1.0,2.4173500000000048,1.0,240.8705031865771,0.24060316633508574,0.0,241.1111063529122,0.0009988901220865376,0.0002408124985588756,1.0,1.0,1.0
2016-07-25,2016-07-25,MMM, 07/25/2016,179.16,180.37,178.9,179.63,-1,1.4699999999999989,0.009999999999990905,1.4799999999999898,1.4799999999999898,2.172000000000004,2.3369000000000044,0.0,0.0,0.0,0.0,42.0,6.0,2016-07-25,180.38,179.63,180.38,179.63,177.97494999999998,1.0,2.4050500000000055,1.0,241.1111063529122,-1.0025131930629014,0.0,240.1085931598493,-0.004157888901208606,0.0002410529858008161,1.0,1.0,1.0
2016-07-26,2016-07-26,MMM, 07/26/2016,176.8,178.97,176.14,177.62,-1,2.8300000000000125,0.6599999999999966,3.490000000000009,3.490000000000009,2.1535000000000037,2.237900000000004,0.0,-1.0,0.0,0.0,42.0,6.0,2016-07-26,179.63,177.62,179.63,177.62,177.29309999999998,1.0,2.3369000000000044,1.0,240.1085931598493,-2.686735357408526,0.39864063543317263,237.0232171670076,-0.01118966765016971,0.00024005095486279054,1.0,1.0,1.0
2016-07-27,2016-07-27,MMM, 07/27/2016,175.2,178.9,175.2,178.3,-1,3.700000000000017,1.2800000000000011,2.420000000000016,3.700000000000017,2.2140000000000044,2.2308250000000043,0.0,0.0,0.0,0.0,,,,,,,,,,,,,,,,,,,,
2016-07-28,2016-07-28,MMM, 07/28/2016,175.18,178.25,175.18,177.94,-1,3.069999999999993,0.05000000000001137,3.1200000000000045,3.1200000000000045,2.262500000000004,2.259300000000004,0.0,0.0,0.0,0.0,,,,,,,,,,,,,,,,,,,,
2016-07-29,2016-07-29,MMM, 07/29/2016,177.01,178.8,177.01,178.34,-1,1.7900000000000205,0.8600000000000136,0.9300000000000068,1.7900000000000205,2.1515000000000057,2.238875000000005,0.0,0.0,0.0,0.0,,,,,,,,,,,,,,,,,,,,
2016-08-01,2016-08-01,MMM, 08/01/2016,176.01,178.53,176.01,178.28,-1,2.5200000000000102,0.18999999999999773,2.3300000000000125,2.5200000000000102,2.176500000000007,2.169925000000006,0.0,0.0,0.0,0.0,,,,,,,,,,,,,,,,,,,,
2016-08-02,2016-08-02,MMM, 08/02/2016,177.99,178.61,177.23,178.35,-1,1.3800000000000239,0.3300000000000125,1.0500000000000114,1.3800000000000239,2.1325000000000074,2.136675000000008,0.0,0.0,0.0,0.0,,,,,,,,,,,,,,,,,,,,
2016-08-03,2016-08-03,MMM, 08/03/2016,177.1,179.02,177.1,178.28,-1,1.920000000000016,0.6700000000000159,1.25,1.920000000000016,2.149000000000008,2.1218750000000077,0.0,0.0,0.0,0.0,,,,,,,,,,,,,,,,,,,,
2016-08-04,2016-08-04,MMM, 08/04/2016,178.63,179.29,177.63,177.8,-1,1.6599999999999966,1.009999999999991,0.6500000000000057,1.6599999999999966,2.1495000000000077,2.1245500000000073,0.0,0.0,0.0,0.0,,,,,,,,,,,,,,,,,,,,
2016-08-05,2016-08-05,MMM, 08/05/2016,175.43,178.69,175.43,178.43,-1,3.259999999999991,0.8899999999999864,2.3700000000000045,3.259999999999991,2.1640000000000073,2.205025000000007,0.0,0.0,0.0,0.0,,,,,,,,,,,,,,,,,,,,
2016-08-08,2016-08-08,MMM, 08/08/2016,177.52,178.97,177.52,178.59,-1,1.4499999999999886,0.539999999999992,0.9099999999999966,1.4499999999999886,2.163500000000006,2.128300000000006,0.0,1.0,0.0,0.0,,,,,,,,,,,,,,,,,,,,
2016-08-09,2016-08-09,MMM, 08/09/2016,178.01,178.87,177.93,178.33,-1,0.9399999999999977,0.28000000000000114,0.6599999999999966,0.9399999999999977,2.085500000000006,2.1023250000000058,0.0,0.0,0.0,0.0,,,,,,,,,,,,,,,,,,,,
2016-08-10,2016-08-10,MMM, 08/10/2016,177.59,178.83,177.59,178.79,-1,1.240000000000009,0.5,0.7400000000000091,1.240000000000009,2.0320000000000062,2.043225000000006,0.0,1.0,0.0,0.0,,,,,,,,,,,,,,,,,,,,
2016-08-11,2016-08-11,MMM, 08/11/2016,177.79,181.09,177.79,180.96,-1,3.3000000000000114,2.3000000000000114,1.0,3.3000000000000114,2.093000000000006,2.0954000000000064,0.0,1.0,0.0,0.0,,,,,,,,,,,,,,,,,,,,
2016-08-12,2016-08-12,MMM, 08/12/2016,179.66,181.03,179.66,180.26,-1,1.3700000000000045,0.06999999999999318,1.3000000000000114,1.3700000000000045,2.0570000000000066,2.056850000000006,0.0,0.0,0.0,0.0,,,,,,,,,,,,,,,,,,,,
2016-08-15,2016-08-15,MMM, 08/15/2016,179.3,181.34,179.3,180.56,-1,2.039999999999992,1.0800000000000125,0.9599999999999795,2.039999999999992,2.082500000000006,2.056150000000006,0.0,0.0,0.0,0.0,,,,,,,,,,,,,,,,,,,,
2016-08-16,2016-08-16,MMM, 08/16/2016,179.76,180.19,179.2,179.25,-1,0.9900000000000091,0.37000000000000455,1.3600000000000136,1.3600000000000136,2.0525000000000064,2.046375000000006,0.0,0.0,0.0,0.0,,,,,,,,,,,,,,,,,,,,
2016-08-17,2016-08-17,MMM, 08/17/2016,178.59,180.08,178.14,179.87,-1,1.9400000000000261,0.8300000000000125,1.1100000000000136,1.9400000000000261,2.054000000000008,2.0468750000000075,0.0,0.0,0.0,0.0,,,,,,,,,,,,,,,,,,,,
2016-08-18,2016-08-18,MMM, 08/18/2016,178.73,179.5,178.57,179.17,-1,0.9300000000000068,0.37000000000000455,1.3000000000000114,1.3000000000000114,2.032000000000008,2.0163000000000078,0.0,0.0,0.0,0.0,,,,,,,,,,,,,,,,,,,,
2016-08-19,2016-08-19,MMM, 08/19/2016,178.01,179.78,178.01,179.58,-1,1.7700000000000102,0.6100000000000136,1.1599999999999966,1.7700000000000102,2.051500000000007,2.0189000000000084,0.0,0.0,0.0,0.0,,,,,,,,,,,,,,,,,,,,
2016-08-22,2016-08-22,MMM, 08/22/2016,179.16,179.54,178.34,179.07,-1,1.1999999999999886,0.040000000000020464,1.240000000000009,1.240000000000009,2.0395000000000083,2.010925000000007,0.0,0.0,0.0,0.0,,,,,,,,,,,,,,,,,,,,
2016-08-23,2016-08-23,MMM, 08/23/2016,178.18,180.51,178.18,179.77,-1,2.329999999999984,1.4399999999999977,0.8899999999999864,2.329999999999984,1.981500000000007,2.0540250000000073,0.0,0.0,0.0,0.0,,,,,,,,,,,,,,,,,,,,
2016-08-24,2016-08-24,MMM, 08/24/2016,178.61,179.96,178.61,179.44,-1,1.3499999999999943,0.18999999999999773,1.1599999999999966,1.3499999999999943,1.8640000000000057,1.9499250000000063,0.0,0.0,0.0,0.0,,,,,,,,,,,,,,,,,,,,
2016-08-25,2016-08-25,MMM, 08/25/2016,178.06,180.28,178.06,179.61,-1,2.219999999999999,0.8400000000000034,1.3799999999999955,2.219999999999999,1.8190000000000055,1.8818000000000055,0.0,0.0,0.0,0.0,,,,,,,,,,,,,,,,,,,,
2016-08-26,2016-08-26,MMM, 08/26/2016,178.62,181.19,178.62,179.43,-1,2.569999999999993,1.579999999999984,0.9900000000000091,2.569999999999993,1.858000000000004,1.856550000000005,0.0,0.0,0.0,0.0,,,,,,,,,,,,,,,,,,,,
2016-08-29,2016-08-29,MMM, 08/29/2016,178.39,180.67,178.39,180.52,-1,2.280000000000001,1.2399999999999807,1.0400000000000205,2.280000000000001,1.8460000000000036,1.879100000000004,0.0,1.0,0.0,0.0,,,,,,,,,,,,,,,,,,,,
2016-08-30,2016-08-30,MMM, 08/30/2016,180.06,181.01,179.58,180.16,-1,1.4299999999999784,0.4899999999999807,0.9399999999999977,1.4299999999999784,1.8485000000000014,1.8252000000000024,0.0,0.0,0.0,0.0,,,,,,,,,,,,,,,,,,,,
2016-08-31,2016-08-31,MMM, 08/31/2016,178.64,179.75,178.57,179.21,-1,1.1800000000000068,0.4099999999999966,1.5900000000000034,1.5900000000000034,1.8320000000000007,1.8355750000000015,0.0,0.0,0.0,0.0,,,,,,,,,,,,,,,,,,,,
2016-09-01,2016-09-01,MMM, 09/01/2016,178.16,180.04,178.16,179.97,-1,1.8799999999999955,0.8299999999999841,1.0500000000000114,1.8799999999999955,1.8430000000000006,1.8344000000000005,0.0,0.0,0.0,0.0,,,,,,,,,,,,,,,,,,,,
2016-09-02,2016-09-02,MMM, 09/02/2016,180.1,181.43,180.04,180.8,-1,1.3900000000000148,1.460000000000008,0.06999999999999318,1.460000000000008,1.7530000000000014,1.8238500000000009,0.0,1.0,0.0,0.0,,,,,,,,,,,,,,,,,,,,
2016-09-06,2016-09-06,MMM, 09/06/2016,177.97,181.21,177.97,180.44,-1,3.240000000000009,0.4099999999999966,2.8300000000000125,3.240000000000009,1.8425000000000025,1.827350000000002,0.0,0.0,0.0,0.0,,,,,,,,,,,,,,,,,,,,
2016-09-07,2016-09-07,MMM, 09/07/2016,177.21,180.5,177.0,179.76,-1,3.5,0.060000000000002274,3.4399999999999977,3.5,1.9705000000000026,1.9253750000000025,0.0,0.0,0.0,0.0,,,,,,,,,,,,,,,,,,,,
2016-09-08,2016-09-08,MMM, 09/08/2016,177.62,180.19,177.62,180.05,-1,2.569999999999993,0.4300000000000068,2.1399999999999864,2.569999999999993,2.0370000000000017,2.0004750000000024,0.0,0.0,0.0,0.0,,,,,,,,,,,,,,,,,,,,
2016-09-09,2016-09-09,MMM, 09/09/2016,178.62,178.96,175.63,175.65,-1,3.3300000000000125,1.0900000000000034,4.420000000000016,4.420000000000016,2.093000000000002,2.1561500000000025,-1.0,-1.0,0.0,-1.0,,,,,,,,,,,,,,,,,,,,
2016-09-12,2016-09-12,MMM, 09/12/2016,174.77,178.39,174.61,178.13,-1,3.7799999999999727,2.7399999999999807,1.039999999999992,3.7799999999999727,2.2135000000000007,2.1773500000000006,0.0,0.0,0.0,0.0,52.0,1.0,2016-09-12,175.65,178.13,175.65,178.13,177.80615,1.0,2.1561500000000025,-1.0,46.378962502608765,-0.6548239510758309,0.46378962502608767,45.26034892650684,-0.014118986621121543,4.6376811594202845e-05,0.0,1.0,1.0
2016-09-13,2016-09-13,MMM, 09/13/2016,176.04,177.6,175.94,176.07,-1,1.6599999999999966,0.5300000000000011,2.1899999999999977,2.1899999999999977,2.221000000000001,2.2123250000000008,0.0,0.0,0.0,0.0,,,,,,,,,,,,,,,,,,,,
2016-09-14,2016-09-14,MMM, 09/14/2016,174.92,177.33,174.92,175.63,-1,2.410000000000025,1.2600000000000193,1.1500000000000057,2.410000000000025,2.273500000000001,2.230450000000002,-1.0,-1.0,0.0,-1.0,,,,,,,,,,,,,,,,,,,,
2016-09-15,2016-09-15,MMM, 09/15/2016,174.95,176.99,174.95,176.59,-1,2.0400000000000205,1.3600000000000136,0.6800000000000068,2.0400000000000205,2.278500000000001,2.261825000000002,0.0,0.0,0.0,0.0,53.0,1.0,2016-09-15,175.63,176.59,175.63,176.59,177.86045,1.0,2.230450000000002,-1.0,44.83400210719805,-0.24506429438541436,0.44834002107198057,44.14059779174066,-0.00546603655411948,4.483199210956935e-05,1.0,1.0,1.0
2016-09-16,2016-09-16,MMM, 09/16/2016,175.24,175.87,174.34,175.06,-1,1.5300000000000011,0.7199999999999989,2.25,2.25,2.3260000000000005,2.277075000000001,-1.0,-1.0,0.0,-1.0,53.0,1.0,2016-09-16,176.59,175.06,176.59,175.06,178.85182500000002,1.0,2.261825000000002,-1.0,44.14059779174066,0.3824401983201941,0.0,44.52303799006086,0.008664137267115901,4.4138649485366655e-05,1.0,1.0,1.0
2016-09-19,2016-09-19,MMM, 09/19/2016,175.12,177.94,175.07,176.74,-1,2.8700000000000045,2.8799999999999955,0.009999999999990905,2.8799999999999955,2.3815,2.3537000000000003,0.0,0.0,0.0,0.0,53.0,1.0,2016-09-19,175.06,176.74,175.06,176.74,177.337075,1.0,2.277075000000001,-1.0,44.52303799006086,-0.4272746705318276,0.0,44.09576331952903,-0.009596709699531525,4.452105577740312e-05,1.0,1.0,1.0
2016-09-20,2016-09-20,MMM, 09/20/2016,176.18,178.38,176.18,177.61,-1,2.1999999999999886,1.6399999999999864,0.5600000000000023,2.1999999999999886,2.4294999999999987,2.3724249999999993,0.0,0.0,0.0,0.0,53.0,1.0,2016-09-20,176.74,177.61,176.74,177.61,179.0937,1.0,2.3537000000000003,-1.0,44.09576331952903,-0.21706073377838134,0.0,43.878702585750645,-0.004922485006223942,4.409381896892392e-05,1.0,1.0,1.0
2016-09-21,2016-09-21,MMM, 09/21/2016,177.85,179.78,177.47,179.61,-1,2.3100000000000023,2.1699999999999875,0.14000000000001478,2.3100000000000023,2.4284999999999997,2.423524999999999,0.0,0.0,0.0,0.0,53.0,1.0,2016-09-21,177.61,179.61,177.61,179.61,179.982425,1.0,2.3724249999999993,-1.0,43.878702585750645,-0.49410171258094343,0.0,43.3846008731697,-0.011260627216935992,4.387677732968778e-05,1.0,1.0,1.0
2016-09-22,2016-09-22,MMM, 09/22/2016,179.61,181.6,179.61,179.83,-1,1.9899999999999807,1.9899999999999807,0.0,1.9899999999999807,2.460499999999999,2.406574999999999,0.0,1.0,0.0,0.0,53.0,1.0,2016-09-22,179.61,179.83,179.61,179.83,182.03352500000003,1.0,2.423524999999999,-1.0,43.3846008731697,-0.05314076160623863,0.44834002107198057,42.88312009049149,-0.0012248761204831649,4.338271873123275e-05,1.0,1.0,1.0
2016-09-23,2016-09-23,MMM, 09/23/2016,178.42,179.68,177.16,177.39,-1,2.5200000000000102,0.15000000000000568,2.670000000000016,2.670000000000016,2.4829999999999997,2.4709749999999997,0.0,0.0,0.0,0.0,,,,,,,,,,,,,,,,,,,,
2016-09-26,2016-09-26,MMM, 09/26/2016,176.01,176.85,175.8,175.99,-1,1.049999999999983,0.539999999999992,1.589999999999975,1.589999999999975,2.433999999999999,2.4383499999999985,0.0,0.0,0.0,0.0,,,,,,,,,,,,,,,,,,,,
2016-09-27,2016-09-27,MMM, 09/27/2016,175.15,177.03,175.15,176.3,-1,1.8799999999999955,1.039999999999992,0.8400000000000034,1.8799999999999955,2.413999999999999,2.406299999999999,0.0,0.0,0.0,0.0,,,,,,,,,,,,,,,,,,,,
2016-09-28,2016-09-28,MMM, 09/28/2016,175.72,177.95,175.72,177.59,-1,2.2299999999999898,1.6499999999999773,0.5800000000000125,2.2299999999999898,2.4539999999999993,2.4047999999999985,0.0,0.0,0.0,0.0,,,,,,,,,,,,,,,,,,,,
2016-09-29,2016-09-29,MMM, 09/29/2016,175.75,177.63,174.86,175.37,-1,2.769999999999982,0.03999999999999204,2.7299999999999898,2.769999999999982,2.512999999999998,2.4697999999999984,0.0,0.0,0.0,0.0,,,,,,,,,,,,,,,,,,,,
2016-09-30,2016-09-30,MMM, 09/30/2016,175.62,177.13,175.62,176.24,-1,1.509999999999991,1.759999999999991,0.25,1.759999999999991,2.506999999999998,2.475349999999998,0.0,0.0,0.0,0.0,,,,,,,,,,,,,,,,,,,,
2016-10-03,2016-10-03,MMM, 10/03/2016,175.19,175.83,174.4,175.03,-1,1.4300000000000068,0.4099999999999966,1.8400000000000034,1.8400000000000034,2.5259999999999976,2.4736499999999984,-1.0,-1.0,-1.0,-1.0,,,,,,,,,,,,,,,,,,,,
2016-10-04,2016-10-04,MMM, 10/04/2016,174.34,174.96,171.2,171.56,-1,3.7600000000000193,0.06999999999999318,3.8300000000000125,3.8300000000000125,2.5554999999999977,2.5911999999999984,-1.0,-1.0,-1.0,-1.0,55.0,1.0,2016-10-04,175.03,171.56,175.03,171.56,177.50365,1.0,2.4736499999999984,-1.0,40.426090999130864,0.8014542407986293,0.40426090999130865,40.82328432993818,0.01982517282751528,4.042445679636182e-05,1.0,1.0,1.0
2016-10-05,2016-10-05,MMM, 10/05/2016,171.28,172.55,171.28,172.29,-1,1.2700000000000102,0.9900000000000091,0.28000000000000114,1.2700000000000102,2.443999999999998,2.4912249999999982,0.0,0.0,0.0,0.0,55.0,3.0,2016-10-05,171.56,172.29,172.55635,172.29,174.1512,1.0,2.5911999999999984,-1.0,121.67546632819992,0.1878126215379372,0.40426090999130865,121.45901803974655,0.0015435537434583813,0.00012166066321027001,1.0,1.0,1.0
2016-10-06,2016-10-06,MMM, 10/06/2016,171.81,172.32,170.6,171.66,-1,1.7199999999999989,0.030000000000001137,1.6899999999999977,1.7199999999999989,2.4014999999999986,2.407799999999998,0.0,0.0,0.0,0.0,55.0,3.0,2016-10-06,172.29,171.66,172.29,171.66,174.78122499999998,1.0,2.4912249999999982,-1.0,121.45901803974655,0.4441301373558481,0.0,121.9031481771024,0.003656625457078122,0.0001214442675382648,1.0,1.0,1.0
2016-10-07,2016-10-07,MMM, 10/07/2016,171.65,171.92,170.03,171.3,-1,1.8899999999999864,0.2599999999999909,1.6299999999999955,1.8899999999999864,2.2749999999999972,2.375924999999998,-1.0,-1.0,-1.0,-1.0,55.0,3.0,2016-10-07,171.66,171.3,171.66,171.3,174.0678,1.0,2.407799999999998,-1.0,121.9031481771024,0.25565148167164886,0.0,122.15879965877404,0.002097168822090101,0.0001218882896108729,1.0,1.0,1.0
2016-10-10,2016-10-10,MMM, 10/10/2016,170.81,172.74,170.81,171.12,-1,1.9300000000000068,1.4399999999999977,0.4900000000000091,1.9300000000000068,2.1824999999999988,2.2577499999999975,-1.0,-1.0,-1.0,-1.0,55.0,4.0,2016-10-10,171.3,171.12,171.319525,171.12,173.675925,1.0,2.375924999999998,-1.0,162.5848906579049,0.18935232460234128,0.40426090999130865,162.36998207251594,0.0011646366635676975,0.0001625584611082801,1.0,1.0,1.0
2016-10-11,2016-10-11,MMM, 10/11/2016,169.93,170.39,168.66,169.73,-1,1.7299999999999898,0.7300000000000182,2.460000000000008,2.460000000000008,2.1959999999999993,2.1963749999999993,-1.0,-1.0,-1.0,-1.0,55.0,4.0,2016-10-11,171.12,169.73,171.12,169.73,173.37775,1.0,2.2577499999999975,-1.0,162.36998207251594,1.3189240011734504,0.0,163.6889060736894,0.008122954651706538,0.00016234362234146676,1.0,1.0,1.0
2016-10-12,2016-10-12,MMM, 10/12/2016,168.41,170.17,168.41,169.72,-1,1.759999999999991,0.4399999999999977,1.3199999999999932,1.759999999999991,2.1634999999999978,2.174199999999999,-1.0,-1.0,-1.0,-1.0,55.0,5.0,2016-10-12,169.73,169.72,170.08270000000002,169.72,171.92637499999998,1.0,2.1963749999999993,-1.0,204.11499707282024,0.4352736018320261,0.40426090999130865,204.14600976466096,0.0021324920171188477,0.000204073342643084,1.0,1.0,1.0
2016-10-13,2016-10-13,MMM, 10/13/2016,168.41,170.31,168.41,170.05,-1,1.9000000000000057,0.5900000000000034,1.3100000000000023,1.9000000000000057,2.1564999999999968,2.150324999999998,0.0,0.0,0.0,0.0,55.0,5.0,2016-10-13,169.72,170.05,169.72,170.05,171.8942,1.0,2.174199999999999,-1.0,204.14600976466096,-0.3969372096532095,0.0,203.74907255500776,-0.0019443789771389497,0.00020410434267752772,1.0,1.0,1.0
2016-10-14,2016-10-14,MMM, 10/14/2016,170.6,171.38,170.3,170.33,-1,1.079999999999984,1.329999999999984,0.25,1.329999999999984,2.110499999999996,2.1151749999999963,0.0,0.0,0.0,0.0,55.0,5.0,2016-10-14,170.05,170.33,170.05,170.33,172.20032500000002,1.0,2.150324999999998,-1.0,203.74907255500776,-0.33548803478626604,0.0,203.4135845202215,-0.0016465745369009799,0.00020370756732709244,1.0,1.0,1.0
2016-10-17,2016-10-17,MMM, 10/17/2016,169.46,171.06,169.46,170.2,-1,1.5999999999999943,0.7299999999999898,0.8700000000000045,1.5999999999999943,2.046499999999996,2.084974999999996,0.0,0.0,0.0,0.0,55.0,5.0,2016-10-17,170.33,170.2,170.33,170.2,172.445175,1.0,2.1151749999999963,-1.0,203.4135845202215,0.1552501966044339,0.0,203.56883471682593,0.0007632243292433617,0.00020337221584880387,1.0,1.0,1.0
2016-10-18,2016-10-18,MMM, 10/18/2016,170.39,171.9,169.83,169.94,-1,2.069999999999993,1.700000000000017,0.3699999999999761,2.069999999999993,2.0399999999999965,2.047674999999996,0.0,0.0,0.0,0.0,55.0,5.0,2016-10-18,170.2,169.94,170.2,169.94,172.28497499999997,1.0,2.084974999999996,-1.0,203.56883471682593,0.31097471813379274,0.0,203.87980943495972,0.0015276145710927391,0.0002035274028805886,1.0,1.0,1.0
2016-10-19,2016-10-19,MMM, 10/19/2016,170.21,170.76,169.66,169.89,-1,1.0999999999999943,0.8199999999999932,0.28000000000000114,1.0999999999999943,1.9794999999999958,1.9929999999999963,0.0,0.0,0.0,0.0,55.0,5.0,2016-10-19,169.94,169.89,169.94,169.89,171.987675,1.0,2.047674999999996,-1.0,203.87980943495972,0.05998582130017644,0.0,203.9397952562599,0.00029422148993774044,0.0002038382509312043,1.0,1.0,1.0
2016-10-20,2016-10-20,MMM, 10/20/2016,168.76,170.33,168.76,169.85,-1,1.5700000000000216,0.44000000000002615,1.1299999999999955,1.5700000000000216,1.958499999999998,1.9590249999999974,0.0,0.0,0.0,0.0,55.0,5.0,2016-10-20,169.89,169.85,169.89,169.85,171.88299999999998,1.0,1.9929999999999963,-1.0,203.9397952562599,0.048016903939306015,0.0,203.9878121601992,0.00023544646535988978,0.00020389821229659102,1.0,1.0,1.0
2016-10-21,2016-10-21,MMM, 10/21/2016,168.11,169.55,167.65,169.49,-1,1.9000000000000057,0.29999999999998295,2.1999999999999886,2.1999999999999886,1.9349999999999965,1.9705749999999973,-1.0,-1.0,-1.0,-1.0,55.0,5.0,2016-10-21,169.85,169.49,169.85,169.49,171.809025,1.0,1.9590249999999974,-1.0,203.9878121601992,0.4323556807634202,0.0,204.42016784096262,0.002119517221077283,0.00020394620961910066,1.0,1.0,1.0
2016-10-24,2016-10-24,MMM, 10/24/2016,172.0,173.35,170.89,171.21,-1,2.460000000000008,3.859999999999985,1.3999999999999773,3.859999999999985,2.048499999999997,2.031249999999996,0.0,1.0,0.0,0.0,55.0,5.0,2016-10-24,169.49,171.21,169.49,171.21,171.460575,1.0,1.9705749999999973,-1.0,204.42016784096262,-2.074474533520895,0.40426090999130865,201.94143239745043,-0.010148091332822018,0.00020437838877642586,1.0,1.0,1.0
2016-10-25,2016-10-25,MMM, 10/25/2016,168.09,169.35,165.11,166.19,-1,4.239999999999981,1.8600000000000136,6.099999999999994,6.099999999999994,2.259499999999997,2.251074999999997,-1.0,-1.0,-1.0,-1.0,,,,,,,,,,,,,,,,,,,,
2016-10-26,2016-10-26,MMM, 10/26/2016,165.26,167.75,165.23,166.53,-1,2.5200000000000102,1.5600000000000023,0.960000000000008,2.5200000000000102,2.2739999999999982,2.2725249999999977,0.0,0.0,0.0,0.0,62.0,1.0,2016-10-26,166.19,166.53,166.19,166.53,168.44107499999998,1.0,2.251074999999997,-1.0,44.423220017103,-0.09088329505876305,0.44423220017103,43.8881045218732,-0.0020458511342440477,4.44212466822882e-05,0.0,1.0,1.0
2016-10-27,2016-10-27,MMM, 10/27/2016,166.56,166.94,165.27,165.76,-1,1.6699999999999875,0.4099999999999966,1.259999999999991,1.6699999999999875,2.2189999999999985,2.2437999999999976,-1.0,-1.0,-1.0,-1.0,62.0,1.0,2016-10-27,166.53,165.76,166.53,165.76,168.802525,1.0,2.2725249999999977,-1.0,43.8881045218732,0.20292944503598617,0.0,44.09103396690919,0.004623791509037467,4.388617844068673e-05,0.0,1.0,1.0
2016-10-28,2016-10-28,MMM, 10/28/2016,165.86,167.12,165.11,165.79,-1,2.009999999999991,1.3600000000000136,0.6499999999999773,2.009999999999991,2.2314999999999983,2.208549999999998,0.0,0.0,0.0,0.0,62.0,1.0,2016-10-28,165.76,165.79,165.76,165.79,168.00379999999998,1.0,2.2437999999999976,-1.0,44.09103396690919,-0.007979796205402396,0.44423220017103,43.63882197053275,-0.00018098455598458685,4.408909003334296e-05,0.0,1.0,1.0
