Date,Open,High,Low,Close,Volume,Ex-Dividend,Split Ratio,Adj. Open,Adj. High,Adj. Low,Adj. Close,Adj. Volume,TR1,TR2,TR3,TRmax,N1,N2,MavgB1,MavgS1,MavgB2,MavgS2,Trade,Unit,Date,LastPrice,CurrentPrice,EntryPrice,ExitPrice,StopPrice,StopInd,N,Direction,StartPos,PNL,TxCost,EndPos,Return,RisktoEq%,PrevTradeLoser,PostCrisis
2016-01-04,6.6,6.76,6.3,6.55,42971763.0,0.0,1.0,6.6,6.76,6.3,6.55,42971763.0,0.45999999999999996,0.0,0.0,0.45999999999999996,,0.0,0.0,0.0,0.0,0.0,,,2016-01-04,,,,,,,,,,,,,,,,
2016-01-05,6.62,6.73,6.51,6.71,37681800.0,0.0,1.0,6.62,6.73,6.51,6.71,37681800.0,0.22000000000000064,0.1800000000000006,0.040000000000000036,0.22000000000000064,,0.0,0.0,0.0,0.0,0.0,,,2016-01-05,,,,,,,,,,,,,,,,
2016-01-06,6.37,6.47,6.13,6.17,45246322.0,0.0,1.0,6.37,6.47,6.13,6.17,45246322.0,0.33999999999999986,0.2400000000000002,0.5800000000000001,0.5800000000000001,,0.0,0.0,0.0,0.0,0.0,,,2016-01-06,,,,,,,,,,,,,,,,
2016-01-07,5.98,6.04,5.43,5.61,66575869.0,0.0,1.0,5.98,6.04,5.43,5.61,66575869.0,0.6100000000000003,0.1299999999999999,0.7400000000000002,0.7400000000000002,,0.0,0.0,0.0,0.0,0.0,,,2016-01-07,,,,,,,,,,,,,,,,
2016-01-08,5.67,5.71,5.36,5.41,42195491.0,0.0,1.0,5.67,5.71,5.36,5.41,42195491.0,0.34999999999999964,0.09999999999999964,0.25,0.34999999999999964,,0.0,0.0,0.0,0.0,0.0,,,2016-01-08,,,,,,,,,,,,,,,,
2016-01-11,5.4,5.42,4.23,4.31,117382953.0,0.0,1.0,5.4,5.42,4.23,4.31,117382953.0,1.1899999999999995,0.009999999999999787,1.1799999999999997,1.1899999999999995,,0.0,0.0,0.0,0.0,0.0,,,2016-01-11,,,,,,,,,,,,,,,,
2016-01-12,4.47,4.58,3.65,4.11,141281789.0,0.0,1.0,4.47,4.58,3.65,4.11,141281789.0,0.9300000000000002,0.27000000000000046,0.6599999999999997,0.9300000000000002,,0.0,0.0,0.0,0.0,0.0,,,2016-01-12,,,,,,,,,,,,,,,,
2016-01-13,4.18,4.28,3.7,3.74,64407316.0,0.0,1.0,4.18,4.28,3.7,3.74,64407316.0,0.5800000000000001,0.16999999999999993,0.41000000000000014,0.5800000000000001,,0.0,0.0,0.0,0.0,0.0,,,2016-01-13,,,,,,,,,,,,,,,,
2016-01-14,3.81,4.23,3.78,4.2,77641373.0,0.0,1.0,3.81,4.23,3.78,4.2,77641373.0,0.4500000000000006,0.4900000000000002,0.03999999999999959,0.4900000000000002,,0.0,0.0,0.0,0.0,0.0,,,2016-01-14,,,,,,,,,,,,,,,,
2016-01-15,3.8,4.35,3.77,4.35,72977604.0,0.0,1.0,3.8,4.35,3.77,4.35,72977604.0,0.5799999999999996,0.14999999999999947,0.43000000000000016,0.5799999999999996,,0.0,0.0,0.0,0.0,0.0,,,2016-01-15,,,,,,,,,,,,,,,,
2016-01-19,4.58,4.58,3.92,3.96,59735949.0,0.0,1.0,4.58,4.58,3.92,3.96,59735949.0,0.6600000000000001,0.23000000000000043,0.4299999999999997,0.6600000000000001,,0.0,0.0,0.0,0.0,0.0,,,2016-01-19,,,,,,,,,,,,,,,,
2016-01-20,3.77,4.13,3.52,4.07,88337247.0,0.0,1.0,3.77,4.13,3.52,4.07,88337247.0,0.6099999999999999,0.16999999999999993,0.43999999999999995,0.6099999999999999,,0.0,0.0,0.0,0.0,0.0,,,2016-01-20,,,,,,,,,,,,,,,,
2016-01-21,4.14,4.43,3.97,4.33,61066599.0,0.0,1.0,4.14,4.43,3.97,4.33,61066599.0,0.4599999999999995,0.35999999999999943,0.10000000000000009,0.4599999999999995,,0.0,0.0,0.0,0.0,0.0,,,2016-01-21,,,,,,,,,,,,,,,,
2016-01-22,4.59,4.66,3.8,3.94,107814117.0,0.0,1.0,4.59,4.66,3.8,3.94,107814117.0,0.8600000000000003,0.33000000000000007,0.5300000000000002,0.8600000000000003,,0.0,0.0,0.0,0.0,0.0,,,2016-01-22,,,,,,,,,,,,,,,,
2016-01-25,3.87,4.0,3.81,3.94,51086277.0,0.0,1.0,3.87,4.0,3.81,3.94,51086277.0,0.18999999999999995,0.06000000000000005,0.1299999999999999,0.18999999999999995,,0.0,0.0,0.0,0.0,0.0,,,2016-01-25,,,,,,,,,,,,,,,,
2016-01-26,4.4,4.42,3.83,4.2,91940751.0,0.0,1.0,4.4,4.42,3.83,4.2,91940751.0,0.5899999999999999,0.48,0.10999999999999988,0.5899999999999999,,0.0,0.0,0.0,0.0,0.0,,,2016-01-26,,,,,,,,,,,,,,,,
2016-01-27,4.06,5.08,4.02,4.65,95563540.0,0.0,1.0,4.06,5.08,4.02,4.65,95563540.0,1.0600000000000005,0.8799999999999999,0.1800000000000006,1.0600000000000005,,0.0,0.0,1.0,0.0,0.0,,,2016-01-27,,,,,,,,,,,,,,,,
2016-01-28,4.8,4.88,4.21,4.42,66789429.0,0.0,1.0,4.8,4.88,4.21,4.42,66789429.0,0.6699999999999999,0.22999999999999954,0.4400000000000004,0.6699999999999999,,0.0,0.0,0.0,0.0,0.0,,,2016-01-28,,,,,,,,,,,,,,,,
2016-01-29,4.44,4.75,4.37,4.6,41823137.0,0.0,1.0,4.44,4.75,4.37,4.6,41823137.0,0.3799999999999999,0.33000000000000007,0.04999999999999982,0.3799999999999999,,0.0,0.0,0.0,0.0,0.0,,,2016-01-29,,,,,,,,,,,,,,,,
2016-02-01,4.5,4.815,4.33,4.74,48283708.0,0.0,1.0,4.5,4.815,4.33,4.74,48283708.0,0.4850000000000003,0.21500000000000075,0.2699999999999996,0.4850000000000003,0.6042500000000001,0.0,0.0,1.0,0.0,0.0,,,2016-02-01,,,,,,,,,,,,,,,,
2016-02-02,4.6,4.65,4.26,4.35,31559628.0,0.0,1.0,4.6,4.65,4.26,4.35,31559628.0,0.39000000000000057,0.08999999999999986,0.4800000000000004,0.4800000000000004,0.6052500000000001,0.0,0.0,0.0,0.0,0.0,,,2016-02-02,,,,,,,,,,,,,,,,
2016-02-03,4.43,4.85,4.35,4.85,44213046.0,0.0,1.0,4.43,4.85,4.35,4.85,44213046.0,0.5,0.5,0.0,0.5,0.61925,0.5999875,0.0,1.0,0.0,0.0,,,2016-02-03,,,,,,,,,,,,,,,,
2016-02-04,5.1,6.03,5.09,5.72,116173763.0,0.0,1.0,5.1,6.03,5.09,5.72,116173763.0,0.9400000000000004,1.1800000000000006,0.2400000000000002,1.1800000000000006,0.6492500000000001,0.6472875,1.0,1.0,0.0,1.0,,,2016-02-04,,,,,,,,,,,,,,,,
2016-02-05,5.57,5.98,5.45,5.68,71686293.0,0.0,1.0,5.57,5.98,5.45,5.68,71686293.0,0.5300000000000002,0.2600000000000007,0.2699999999999996,0.5300000000000002,0.63875,0.6432875000000001,0.0,0.0,0.0,0.0,0.0,1.0,2016-02-05,5.72,5.68,5.72,5.68,5.0727125,1.0,0.6472875,1.0,154.4908560724562,-1.0803556368703209,1.544908560724562,151.86559187486134,-0.006993006993006978,0.0001544669923345755,1.0,1.0
2016-02-08,5.46,5.93,5.17,5.27,64853358.0,0.0,1.0,5.46,5.93,5.17,5.27,64853358.0,0.7599999999999998,0.25,0.5099999999999998,0.7599999999999998,0.65925,0.6448125,0.0,0.0,0.0,0.0,0.0,1.0,2016-02-08,5.68,5.27,5.68,5.27,5.036712499999999,1.0,0.6432875000000001,1.0,151.86559187486134,-10.962128990967114,0.0,140.90346288389424,-0.07218309859154937,0.00015184253221883415,1.0,1.0
2016-02-09,5.12,5.403,4.97,5.0,43151551.0,0.0,1.0,5.12,5.403,4.97,5.0,43151551.0,0.43299999999999983,0.133,0.2999999999999998,0.43299999999999983,0.6214000000000001,0.6479375,0.0,0.0,0.0,0.0,0.0,1.0,2016-02-09,5.27,5.0,5.27,5.0,4.625187499999999,1.0,0.6448125,1.0,140.90346288389424,-7.2189629940514966,0.0,133.68449988984273,-0.05123339658444015,0.00014088361189511461,1.0,1.0
2016-02-10,4.95,5.13,4.78,4.98,33743874.0,0.0,1.0,4.95,5.13,4.78,4.98,33743874.0,0.34999999999999964,0.1299999999999999,0.21999999999999975,0.34999999999999964,0.5924,0.6078300000000001,0.0,0.0,0.0,0.0,0.0,1.0,2016-02-10,5.0,4.98,5.0,4.98,4.3520625,1.0,0.6479375,1.0,133.68449988984273,-0.5347379995593565,0.0,133.14976189028337,-0.0039999999999998925,0.0001336666307331612,1.0,1.0
2016-02-11,4.81,5.08,4.65,4.89,37980156.0,0.0,1.0,4.81,5.08,4.65,4.89,37980156.0,0.4299999999999997,0.09999999999999964,0.33000000000000007,0.4299999999999997,0.5849,0.58428,0.0,0.0,0.0,0.0,0.0,1.0,2016-02-11,4.98,4.89,4.98,4.89,4.372170000000001,1.0,0.6078300000000001,1.0,133.14976189028337,-2.4063209980171845,0.0,130.7434408922662,-0.01807228915662662,0.00013313203539147103,1.0,1.0
2016-02-12,5.12,5.745,5.08,5.53,44408448.0,0.0,1.0,5.12,5.745,5.08,5.53,44408448.0,0.665,0.8550000000000004,0.1900000000000004,0.8550000000000004,0.6031500000000001,0.598405,0.0,0.0,0.0,0.0,0.0,1.0,2016-02-12,4.89,5.53,4.89,5.53,4.30572,1.0,0.58428,1.0,130.7434408922662,17.111615985899896,0.0,147.8550568781661,0.1308793456032722,0.0001307263492795461,1.0,1.0
2016-02-16,5.82,6.375,5.8,6.37,74148369.0,0.0,1.0,5.82,6.375,5.8,6.37,74148369.0,0.5750000000000002,0.8449999999999998,0.2699999999999996,0.8449999999999998,0.6164000000000001,0.6152425000000001,1.0,1.0,0.0,1.0,0.0,1.0,2016-02-16,5.53,6.37,5.53,6.37,4.931595000000001,1.0,0.598405,1.0,147.8550568781661,22.458995981493572,0.0,170.31405285965968,0.1518987341772151,0.00014783319899212063,1.0,1.0
2016-02-17,6.63,7.6,6.6,7.16,103520297.0,0.0,1.0,6.63,7.6,6.6,7.16,103520297.0,1.0,1.2299999999999995,0.22999999999999954,1.2299999999999995,0.6449,0.6470800000000001,1.0,1.0,0.0,1.0,0.0,3.0,2016-02-17,6.37,7.16,6.3672875,7.16,5.7547575,1.0,0.6152425000000001,1.0,479.2957650045721,59.67120914772372,1.544908560724562,537.4220655915713,0.12449767660090738,0.00047906615062741933,1.0,1.0
2016-02-18,7.4,7.42,6.65,7.15,59703694.0,0.0,1.0,7.4,7.42,6.65,7.15,59703694.0,0.7699999999999996,0.2599999999999998,0.5099999999999998,0.7699999999999996,0.6529,0.6511549999999999,0.0,0.0,0.0,0.0,0.0,5.0,2016-02-18,7.16,7.15,7.014575,7.15,6.51292,1.0,0.6470800000000001,1.0,846.4037777364837,16.340866210706174,1.544908560724562,861.1997353864652,0.01930623024203193,0.0008456879842318435,1.0,1.0
2016-02-19,6.98,7.17,6.75,6.92,38797443.0,0.0,1.0,6.98,7.17,6.75,6.92,38797443.0,0.41999999999999993,0.019999999999999574,0.40000000000000036,0.41999999999999993,0.6509,0.641255,0.0,0.0,0.0,0.0,0.0,5.0,2016-02-19,7.15,6.92,7.15,6.92,6.498845,1.0,0.6511549999999999,1.0,861.1997353864652,-27.702928550893365,0.0,833.4968068355719,-0.032167832167832255,0.0008604587085743301,1.0,1.0
2016-02-22,7.27,7.97,7.27,7.93,75176131.0,0.0,1.0,7.27,7.97,7.27,7.93,75176131.0,0.7000000000000002,1.0499999999999998,0.34999999999999964,1.0499999999999998,0.6604000000000001,0.6708550000000001,1.0,1.0,0.0,1.0,0.0,5.0,2016-02-22,6.92,7.93,6.92,7.93,6.278745,1.0,0.641255,1.0,833.4968068355719,121.65199059305307,0.0,955.1487974286249,0.14595375722543347,0.0008328026684706775,1.0,1.0
2016-02-23,7.55,7.74,7.15,7.24,58801859.0,0.0,1.0,7.55,7.74,7.15,7.24,58801859.0,0.5899999999999999,0.1899999999999995,0.7799999999999994,0.7799999999999994,0.6899000000000001,0.6663800000000001,0.0,0.0,0.0,0.0,0.0,6.0,2016-02-23,7.93,7.24,7.338218749999999,7.259144999999999,7.259144999999999,1.0,0.6708550000000001,1.0,1109.639653501081,-11.957039104487158,1.544908560724562,1096.1377058358694,-0.010775605456024295,0.001108409718125523,1.0,1.0
2016-02-24,6.74,7.26,6.55,7.2,57050785.0,0.0,1.0,6.74,7.26,6.55,7.2,57050785.0,0.71,0.019999999999999574,0.6900000000000004,0.71,0.6959000000000002,0.6909050000000001,0.0,0.0,0.0,0.0,,,2016-02-24,,,,,,,,,,,,,,,,
2016-02-25,7.14,7.34,6.79,7.12,35161775.0,0.0,1.0,7.14,7.34,6.79,7.12,35161775.0,0.5499999999999998,0.13999999999999968,0.41000000000000014,0.5499999999999998,0.6704000000000001,0.6886050000000001,0.0,0.0,0.0,0.0,,,2016-02-25,,,,,,,,,,,,,,,,
2016-02-26,7.7,7.8,7.31,7.43,48311086.0,0.0,1.0,7.7,7.8,7.31,7.43,48311086.0,0.4900000000000002,0.6799999999999997,0.1899999999999995,0.6799999999999997,0.6709000000000002,0.6708800000000001,0.0,0.0,0.0,0.0,,,2016-02-26,,,,,,,,,,,,,,,,
2016-02-29,7.69,7.84,7.511,7.63,46472525.0,0.0,1.0,7.69,7.84,7.511,7.63,46472525.0,0.32899999999999974,0.41000000000000014,0.0810000000000004,0.41000000000000014,0.6724000000000002,0.6578550000000002,0.0,0.0,0.0,0.0,,,2016-02-29,,,,,,,,,,,,,,,,
2016-03-01,7.84,7.88,7.26,7.76,53860278.0,0.0,1.0,7.84,7.88,7.26,7.76,53860278.0,0.6200000000000001,0.25,0.3700000000000001,0.6200000000000001,0.6791500000000003,0.6697800000000003,0.0,0.0,0.0,0.0,,,2016-03-01,,,,,,,,,,,,,,,,
2016-03-02,7.82,9.02,7.79,8.97,84686704.0,0.0,1.0,7.82,9.02,7.79,8.97,84686704.0,1.2299999999999995,1.2599999999999998,0.03000000000000025,1.2599999999999998,0.7181500000000003,0.7081925000000002,1.0,1.0,0.0,1.0,,,2016-03-02,,,,,,,,,,,,,,,,
2016-03-03,8.66,9.2,8.46,9.11,66639741.0,0.0,1.0,8.66,9.2,8.46,9.11,66639741.0,0.7399999999999984,0.22999999999999865,0.5099999999999998,0.7399999999999984,0.7301500000000002,0.7192425000000002,1.0,1.0,0.0,1.0,4.0,1.0,2016-03-03,8.97,9.11,8.97,9.11,8.2618075,1.0,0.7081925000000002,1.0,141.20454537431556,2.2038613547830628,1.4120454537431557,141.99636127535547,0.015607580824972047,0.00014118460946572212,0.0,1.0
2016-03-04,9.32,10.495,9.17,9.74,104835525.0,0.0,1.0,9.32,10.495,9.17,9.74,104835525.0,1.3249999999999993,1.3849999999999998,0.0600000000000005,1.3849999999999998,0.7404000000000002,0.7628925000000002,1.0,1.0,0.0,1.0,4.0,1.0,2016-03-04,9.11,9.74,9.11,9.74,8.3907575,1.0,0.7192425000000002,1.0,141.99636127535547,9.819726410919202,0.0,151.81608768627467,0.06915477497255762,0.00014197620117140143,0.0,1.0
2016-03-07,9.77,10.2,9.51,9.86,63493576.0,0.0,1.0,9.77,10.2,9.51,9.86,63493576.0,0.6899999999999995,0.4599999999999991,0.23000000000000043,0.6899999999999995,0.7484000000000002,0.7378800000000001,1.0,1.0,0.0,1.0,4.0,3.0,2016-03-07,9.74,9.86,9.678192500000002,9.86,8.9771075,1.0,0.7628925000000002,1.0,434.2251784349058,8.157039047146759,1.4120454537431557,440.97017202830943,0.01878527421313403,0.0004340367087675939,0.0,1.0
2016-03-08,9.37,9.42,8.56,8.66,58328932.0,0.0,1.0,9.37,9.42,8.56,8.66,58328932.0,0.8599999999999994,0.4399999999999995,1.299999999999999,1.299999999999999,0.7754000000000001,0.7759800000000001,0.0,0.0,0.0,0.0,4.0,3.0,2016-03-08,9.86,8.66,9.86,9.122119999999999,9.122119999999999,1.0,0.7378800000000001,1.0,440.97017202830943,-33.0003114134127,1.4120454537431557,406.5578151611536,-0.07483569979716032,0.00044077580304661404,0.0,1.0
2016-03-09,8.91,9.23,8.47,9.15,49063049.0,0.0,1.0,8.91,9.23,8.47,9.15,49063049.0,0.7599999999999998,0.5700000000000003,0.1899999999999995,0.7599999999999998,0.7917500000000001,0.77463,0.0,0.0,0.0,0.0,,,2016-03-09,,,,,,,,,,,,,,,,
2016-03-10,8.86,9.65,8.75,9.6,55701131.0,0.0,1.0,8.86,9.65,8.75,9.6,55701131.0,0.9000000000000004,0.5,0.40000000000000036,0.9000000000000004,0.8192499999999999,0.7971625,0.0,0.0,0.0,0.0,,,2016-03-10,,,,,,,,,,,,,,,,
2016-03-11,9.85,9.88,9.41,9.55,40901729.0,0.0,1.0,9.85,9.88,9.41,9.55,40901729.0,0.47000000000000064,0.28000000000000114,0.1899999999999995,0.47000000000000064,0.8212499999999998,0.8017875,0.0,0.0,0.0,0.0,,,2016-03-11,,,,,,,,,,,,,,,,
2016-03-14,9.47,10.14,9.3733,9.97,39704629.0,0.0,1.0,9.47,10.14,9.3733,9.97,39704629.0,0.7667000000000002,0.5899999999999999,0.1767000000000003,0.7667000000000002,0.8168349999999999,0.8185224999999999,1.0,1.0,0.0,1.0,,,2016-03-14,,,,,,,,,,,,,,,,
2016-03-15,9.45,9.49,9.03,9.27,36348603.0,0.0,1.0,9.45,9.49,9.03,9.27,36348603.0,0.46000000000000085,0.4800000000000004,0.9400000000000013,0.9400000000000013,0.821585,0.82299325,0.0,0.0,0.0,0.0,8.0,1.0,2016-03-15,9.97,9.27,9.97,9.27,9.1514775,1.0,0.8185224999999999,1.0,122.17135142894668,-8.577727783376416,1.2217135142894668,112.3719101312808,-0.07021063189568721,0.00012215642741312388,1.0,1.0
2016-03-16,9.25,10.28,9.22,10.22,49163695.0,0.0,1.0,9.25,10.28,9.22,10.22,49163695.0,1.0599999999999987,1.0099999999999998,0.049999999999998934,1.0599999999999987,0.8130849999999998,0.8335057499999999,1.0,1.0,0.0,1.0,8.0,1.0,2016-03-16,9.27,10.22,9.27,10.22,8.44700675,1.0,0.82299325,1.0,112.3719101312808,11.515999420142053,0.0,123.88790955142285,0.1024811218985977,0.00011235928410390506,1.0,1.0
2016-03-17,10.43,11.07,10.06,10.9,52911909.0,0.0,1.0,10.43,11.07,10.06,10.9,52911909.0,1.0099999999999998,0.8499999999999996,0.16000000000000014,1.0099999999999998,0.8250849999999998,0.8229307499999997,1.0,1.0,0.0,1.0,8.0,1.0,2016-03-17,10.22,10.9,10.22,10.9,9.38649425,1.0,0.8335057499999999,1.0,123.88790955142285,8.243031163891134,0.0,132.13094071531398,0.06653620352250478,0.00012387256323851247,1.0,1.0
2016-03-18,11.04,11.445,10.44,10.76,79242438.0,0.0,1.0,11.04,11.445,10.44,10.76,79242438.0,1.0050000000000008,0.5449999999999999,0.46000000000000085,1.0050000000000008,0.8543349999999996,0.8340807499999998,0.0,0.0,0.0,0.0,8.0,3.0,2016-03-18,10.9,10.76,10.788522500000001,10.76,10.077069250000001,1.0,0.8229307499999997,1.0,376.47364357320737,-0.9953141867959483,1.2217135142894668,374.2566158721219,-0.002643781852427085,0.00037633196450733623,1.0,1.0
2016-03-21,10.65,10.93,10.35,10.8,31275517.0,0.0,1.0,10.65,10.93,10.35,10.8,31275517.0,0.5800000000000001,0.16999999999999993,0.41000000000000014,0.5800000000000001,0.8308349999999995,0.8406182499999997,0.0,0.0,0.0,0.0,8.0,3.0,2016-03-21,10.76,10.8,10.76,10.8,9.92591925,1.0,0.8340807499999998,1.0,374.2566158721219,1.391288534840648,0.0,375.6479044069626,0.0037174721189592312,0.00037411660025936724,1.0,1.0
2016-03-22,10.56,11.2,10.4299,10.99,31068002.0,0.0,1.0,10.56,11.2,10.4299,10.99,31068002.0,0.7700999999999993,0.3999999999999986,0.37010000000000076,0.7700999999999993,0.8303399999999996,0.8277982499999995,1.0,1.0,1.0,1.0,8.0,3.0,2016-03-22,10.8,10.99,10.8,10.99,9.95938175,1.0,0.8406182499999997,1.0,375.6479044069626,6.608620540492865,0.0,382.25652494745543,0.017592592592592604,0.0003755068460471545,1.0,1.0
2016-03-23,10.57,10.72,9.73,9.75,48648352.0,0.0,1.0,10.57,10.72,9.73,9.75,48648352.0,0.9900000000000002,0.2699999999999996,1.2599999999999998,1.2599999999999998,0.8578399999999995,0.8518229999999996,0.0,0.0,0.0,0.0,8.0,3.0,2016-03-23,10.99,9.75,10.99,10.162201750000001,10.162201750000001,1.0,0.8277982499999995,1.0,382.25652494745543,-28.792655359652837,1.2217135142894668,352.2421560735131,-0.07532286169244762,0.00038211046073059046,1.0,1.0
2016-03-24,9.37,10.145,9.1,10.11,52527385.0,0.0,1.0,9.37,10.145,9.1,10.11,52527385.0,1.045,0.3949999999999996,0.6500000000000004,1.045,0.8825899999999995,0.8671979999999995,0.0,0.0,0.0,0.0,,,2016-03-24,,,,,,,,,,,,,,,,
2016-03-28,10.25,10.48,9.73,10.14,35295158.0,0.0,1.0,10.25,10.48,9.73,10.14,35295158.0,0.75,0.370000000000001,0.379999999999999,0.75,0.8860899999999996,0.8759604999999995,0.0,0.0,0.0,0.0,,,2016-03-28,,,,,,,,,,,,,,,,
2016-03-29,9.71,10.3,9.41,10.14,44124762.0,0.0,1.0,9.71,10.3,9.41,10.14,44124762.0,0.8900000000000006,0.16000000000000014,0.7300000000000004,0.8900000000000006,0.9100899999999996,0.8862854999999996,0.0,0.0,0.0,0.0,,,2016-03-29,,,,,,,,,,,,,,,,
2016-03-30,10.36,10.59,9.99,10.29,46703281.0,0.0,1.0,10.36,10.59,9.99,10.29,46703281.0,0.5999999999999996,0.4499999999999993,0.15000000000000036,0.5999999999999996,0.9090899999999996,0.8945854999999995,0.0,0.0,0.0,0.0,,,2016-03-30,,,,,,,,,,,,,,,,
2016-03-31,10.13,10.46,10.13,10.34,32847815.0,0.0,1.0,10.13,10.46,10.13,10.34,32847815.0,0.33000000000000007,0.1700000000000017,0.15999999999999837,0.33000000000000007,0.8625899999999997,0.8801354999999997,0.0,0.0,0.0,0.0,,,2016-03-31,,,,,,,,,,,,,,,,
2016-04-01,9.92,10.0,9.585,9.89,41391640.0,0.0,1.0,9.92,10.0,9.585,9.89,41391640.0,0.41499999999999915,0.33999999999999986,0.754999999999999,0.754999999999999,0.8633399999999998,0.8572104999999997,0.0,0.0,0.0,0.0,,,2016-04-01,,,,,,,,,,,,,,,,
2016-04-04,9.91,10.09,9.39,9.42,38611420.0,0.0,1.0,9.91,10.09,9.39,9.42,38611420.0,0.6999999999999993,0.1999999999999993,0.5,0.6999999999999993,0.8290899999999997,0.8551729999999997,0.0,-1.0,0.0,0.0,,,2016-04-04,,,,,,,,,,,,,,,,
2016-04-05,9.26,9.62,9.22,9.34,31995176.0,0.0,1.0,9.26,9.62,9.22,9.34,31995176.0,0.3999999999999986,0.1999999999999993,0.1999999999999993,0.3999999999999986,0.8145899999999997,0.8076354999999996,0.0,-1.0,0.0,0.0,,,2016-04-05,,,,,,,,,,,,,,,,
2016-04-06,9.47,9.65,9.1,9.61,37216698.0,0.0,1.0,9.47,9.65,9.1,9.61,37216698.0,0.5500000000000007,0.3100000000000005,0.2400000000000002,0.5500000000000007,0.7770899999999998,0.8013604999999998,0.0,0.0,0.0,0.0,,,2016-04-06,,,,,,,,,,,,,,,,
2016-04-07,9.28,9.51,8.76,8.85,61050074.0,0.0,1.0,9.28,9.51,8.76,8.85,61050074.0,0.75,0.09999999999999964,0.8499999999999996,0.8499999999999996,0.7815899999999998,0.7807354999999998,-1.0,-1.0,0.0,-1.0,,,2016-04-07,,,,,,,,,,,,,,,,
2016-04-08,9.17,9.53,9.02,9.33,37139882.0,0.0,1.0,9.17,9.53,9.02,9.33,37139882.0,0.5099999999999998,0.6799999999999997,0.16999999999999993,0.6799999999999997,0.7705899999999999,0.7765104999999998,0.0,0.0,0.0,0.0,12.0,1.0,2016-04-08,8.85,9.33,8.85,9.33,9.6307355,1.0,0.7807354999999998,-1.0,128.08435123034627,-6.946947863340819,1.2808435123034627,119.85655985470198,-0.05423728813559325,0.00012806794773034783,1.0,1.0
2016-04-11,9.58,9.88,9.51,9.76,33148040.0,0.0,1.0,9.58,9.88,9.51,9.76,33148040.0,0.370000000000001,0.5500000000000007,0.17999999999999972,0.5500000000000007,0.7745899999999999,0.7595604999999999,0.0,0.0,0.0,0.0,12.0,1.0,2016-04-11,9.33,9.76,9.33,9.76,10.1065105,1.0,0.7765104999999998,-1.0,119.85655985470198,-5.523935770366765,0.0,114.33262408433522,-0.04608788853161849,0.00011984219598136622,1.0,1.0
2016-04-12,10.03,10.48,9.9,10.43,58589449.0,0.0,1.0,10.03,10.48,9.9,10.43,58589449.0,0.5800000000000001,0.7200000000000006,0.14000000000000057,0.7200000000000006,0.7722549999999998,0.7718605,0.0,1.0,0.0,0.0,12.0,1.0,2016-04-12,9.76,10.43,9.76,10.43,10.519560499999999,1.0,0.7595604999999999,-1.0,114.33262408433522,-7.848653497592675,1.2808435123034627,105.20312707443908,-0.06864754098360648,0.00011431955362978458,1.0,1.0
2016-04-13,10.74,11.23,10.72,10.82,54910666.0,0.0,1.0,10.74,11.23,10.72,10.82,54910666.0,0.5099999999999998,0.8000000000000007,0.2900000000000009,0.8000000000000007,0.7652549999999998,0.7736422499999999,0.0,1.0,0.0,0.0,,,2016-04-13,,,,,,,,,,,,,,,,
2016-04-14,10.85,11.07,10.54,10.73,37693395.0,0.0,1.0,10.85,11.07,10.54,10.73,37693395.0,0.5300000000000011,0.25,0.28000000000000114,0.5300000000000011,0.7387549999999999,0.7534922499999999,0.0,0.0,0.0,0.0,,,2016-04-14,,,,,,,,,,,,,,,,
2016-04-15,10.47,10.925,10.35,10.86,29350172.0,0.0,1.0,10.47,10.925,10.35,10.86,29350172.0,0.5750000000000011,0.19500000000000028,0.3800000000000008,0.5750000000000011,0.717005,0.73056725,0.0,1.0,0.0,0.0,,,2016-04-15,,,,,,,,,,,,,,,,
2016-04-18,10.48,11.09,10.215,11.02,40993807.0,0.0,1.0,10.48,11.09,10.215,11.02,40993807.0,0.875,0.23000000000000043,0.6449999999999996,0.875,0.7105049999999999,0.72490475,1.0,1.0,1.0,1.0,,,2016-04-18,,,,,,,,,,,,,,,,
2016-04-19,11.07,12.02,11.06,12.01,62996680.0,0.0,1.0,11.07,12.02,11.06,12.01,62996680.0,0.9599999999999991,1.0,0.040000000000000924,1.0,0.731505,0.7249797499999999,1.0,1.0,1.0,1.0,13.0,1.0,2016-04-19,11.02,12.01,11.02,12.01,10.29509525,1.0,0.72490475,1.0,137.94915814801874,12.392891702952692,1.3794915814801874,148.96255826949124,0.08983666061705997,0.00013793013080259128,1.0,1.0
2016-04-20,11.95,12.69,11.82,12.36,61879229.0,0.0,1.0,11.95,12.69,11.82,12.36,61879229.0,0.8699999999999992,0.6799999999999997,0.1899999999999995,0.8699999999999992,0.7364999999999999,0.7384297499999999,1.0,1.0,1.0,1.0,13.0,3.0,2016-04-20,12.01,12.36,11.74490475,12.36,11.28502025,1.0,0.7249797499999999,1.0,424.8608745655287,22.250491716938154,1.3794915814801874,445.7318747009867,0.0523712420911715,0.00042468044446048435,1.0,1.0
2016-04-21,12.59,12.7,11.47,11.52,65927955.0,0.0,1.0,12.59,12.7,11.47,11.52,65927955.0,1.2299999999999986,0.33999999999999986,0.8899999999999988,1.2299999999999986,0.7349999999999999,0.7611749999999999,0.0,0.0,0.0,0.0,13.0,4.0,2016-04-21,12.36,11.52,12.107357125,11.62157025,11.62157025,1.0,0.7384297499999999,1.0,583.6810328490054,-23.419197271303002,1.3794915814801874,558.8823439962222,-0.04012327958815376,0.0005833405480354254,1.0,1.0
2016-04-22,11.76,12.05,11.43,11.67,53003249.0,0.0,1.0,11.76,12.05,11.43,11.67,53003249.0,0.620000000000001,0.5300000000000011,0.08999999999999986,0.620000000000001,0.7137499999999999,0.72925,0.0,0.0,0.0,0.0,,,2016-04-22,,,,,,,,,,,,,,,,
2016-04-25,11.59,11.76,11.16,11.35,35706775.0,0.0,1.0,11.59,11.76,11.16,11.35,35706775.0,0.5999999999999996,0.08999999999999986,0.5099999999999998,0.5999999999999996,0.7062499999999999,0.7080624999999998,0.0,0.0,0.0,0.0,,,2016-04-25,,,,,,,,,,,,,,,,
2016-04-26,11.29,11.6,10.56,11.48,56503660.0,0.0,1.0,11.29,11.6,10.56,11.48,56503660.0,1.0399999999999991,0.25,0.7899999999999991,1.0399999999999991,0.7137499999999999,0.7229374999999999,0.0,0.0,0.0,0.0,,,2016-04-26,,,,,,,,,,,,,,,,
2016-04-27,11.69,12.67,11.5899,12.65,58372364.0,0.0,1.0,11.69,12.67,11.5899,12.65,58372364.0,1.0800999999999998,1.1899999999999995,0.10989999999999966,1.1899999999999995,0.7432499999999999,0.7375624999999999,1.0,1.0,1.0,1.0,,,2016-04-27,,,,,,,,,,,,,,,,
2016-04-28,12.66,13.36,12.61,12.66,62457492.0,0.0,1.0,12.66,13.36,12.61,12.66,62457492.0,0.75,0.7099999999999991,0.040000000000000924,0.75,0.7642499999999999,0.7435874999999998,1.0,1.0,1.0,1.0,16.0,1.0,2016-04-28,12.65,12.66,12.65,12.66,11.912437500000001,1.0,0.7375624999999999,1.0,135.58173036183376,0.107179233487615,1.3558173036183376,134.33309229170305,0.0007905138339920903,0.00013556335044820635,0.0,1.0
2016-04-29,13.11,14.06,13.05,14.0,74434205.0,0.0,1.0,13.11,14.06,13.05,14.0,74434205.0,1.0099999999999998,1.4000000000000004,0.39000000000000057,1.4000000000000004,0.7964999999999998,0.7960375,1.0,1.0,1.0,1.0,16.0,1.0,2016-04-29,12.66,14.0,12.66,14.0,11.9164125,1.0,0.7435874999999998,1.0,134.33309229170305,14.218510558521494,0.0,148.55160285022455,0.10584518167456558,0.00013431504933578446,0.0,1.0
2016-05-02,14.03,14.04,13.31,13.55,46165314.0,0.0,1.0,14.03,14.04,13.31,13.55,46165314.0,0.7299999999999986,0.03999999999999915,0.6899999999999995,0.7299999999999986,0.7979999999999998,0.7931749999999997,0.0,0.0,0.0,0.0,16.0,4.0,2016-05-02,14.0,13.55,13.75634375,13.55,13.2039625,1.0,0.7960375,1.0,555.2967939357259,-8.329395143507817,1.3558173036183376,545.6115814885998,-0.014999897774435778,0.0005549886105396224,0.0,1.0
2016-05-03,13.04,13.08,12.0,12.01,58759349.0,0.0,1.0,13.04,13.08,12.0,12.01,58759349.0,1.08,0.47000000000000064,1.5500000000000007,1.5500000000000007,0.8554999999999999,0.8355999999999998,0.0,0.0,0.0,0.0,16.0,4.0,2016-05-03,13.55,12.01,13.55,12.756825000000001,12.756825000000001,1.0,0.7931749999999997,1.0,545.6115814885998,-31.938410785772717,1.3558173036183376,512.3173533992087,-0.05853690036900372,0.0005453140518263748,0.0,1.0
2016-05-04,12.14,12.51,11.58,11.8,48011990.0,0.0,1.0,12.14,12.51,11.58,11.8,48011990.0,0.9299999999999997,0.5,0.4299999999999997,0.9299999999999997,0.8744999999999999,0.859225,0.0,0.0,0.0,0.0,,,2016-05-04,,,,,,,,,,,,,,,,
2016-05-05,12.09,12.22,11.08,11.29,50082119.0,0.0,1.0,12.09,12.22,11.08,11.29,50082119.0,1.1400000000000006,0.41999999999999993,0.7200000000000006,1.1400000000000006,0.889,0.8877749999999999,0.0,-1.0,0.0,0.0,,,2016-05-05,,,,,,,,,,,,,,,,
2016-05-06,11.14,12.12,11.13,11.79,51528284.0,0.0,1.0,11.14,12.12,11.13,11.79,51528284.0,0.9899999999999984,0.8300000000000001,0.15999999999999837,0.9899999999999984,0.9045,0.89405,0.0,0.0,0.0,0.0,,,2016-05-06,,,,,,,,,,,,,,,,
2016-05-09,11.2,11.24,10.37,10.52,51190344.0,0.0,1.0,11.2,11.24,10.37,10.52,51190344.0,0.870000000000001,0.5499999999999989,1.42,1.42,0.9479999999999998,0.930275,0.0,-1.0,0.0,0.0,,,2016-05-09,,,,,,,,,,,,,,,,
2016-05-10,10.79,10.98,10.51,10.86,25734200.0,0.0,1.0,10.79,10.98,10.51,10.86,25734200.0,0.47000000000000064,0.46000000000000085,0.009999999999999787,0.47000000000000064,0.9355,0.9240999999999999,0.0,0.0,0.0,0.0,,,2016-05-10,,,,,,,,,,,,,,,,
2016-05-11,11.02,11.94,11.0,11.61,46688779.0,0.0,1.0,11.02,11.94,11.0,11.61,46688779.0,0.9399999999999995,1.08,0.14000000000000057,1.08,0.9494999999999999,0.942725,0.0,0.0,0.0,0.0,,,2016-05-11,,,,,,,,,,,,,,,,
2016-05-12,11.67,11.9833,10.83,11.03,47824498.0,0.0,1.0,11.67,11.9833,10.83,11.03,47824498.0,1.1532999999999998,0.3733000000000004,0.7799999999999994,1.1532999999999998,0.9806649999999998,0.9596899999999998,0.0,0.0,0.0,0.0,,,2016-05-12,,,,,,,,,,,,,,,,
2016-05-13,10.96,11.37,10.29,10.41,43724499.0,0.0,1.0,10.96,11.37,10.29,10.41,43724499.0,1.08,0.33999999999999986,0.7400000000000002,1.08,1.0059149999999994,0.9856317499999999,-1.0,-1.0,0.0,-1.0,,,2016-05-13,,,,,,,,,,,,,,,,
2016-05-16,10.78,11.46,10.78,11.04,43679217.0,0.0,1.0,10.78,11.46,10.78,11.04,43679217.0,0.6800000000000015,1.0500000000000007,0.3699999999999992,1.0500000000000007,1.0146649999999995,1.0081192499999996,0.0,0.0,0.0,0.0,19.0,1.0,2016-05-16,10.41,11.04,10.41,11.04,11.39563175,1.0,0.9856317499999999,-1.0,101.45777061260456,-6.140095627852144,1.0145777061260457,94.30309727862637,-0.060518731988472574,0.00010144747797765468,1.0,1.0
2016-05-17,11.3,11.9,11.085,11.51,56826086.0,0.0,1.0,11.3,11.9,11.085,11.51,56826086.0,0.8149999999999995,0.8600000000000012,0.045000000000001705,0.8600000000000012,1.0076649999999998,1.0069317499999997,0.0,0.0,0.0,0.0,19.0,1.0,2016-05-17,11.04,11.51,11.04,11.51,12.04811925,1.0,1.0081192499999996,-1.0,94.30309727862637,-4.014715192115436,0.0,90.28838208651094,-0.042572463768115965,9.429420504303538e-05,1.0,1.0
2016-05-18,11.23,11.48,10.35,10.54,55369185.0,0.0,1.0,11.23,11.48,10.35,10.54,55369185.0,1.1300000000000008,0.02999999999999936,1.1600000000000001,1.1600000000000001,1.0221649999999998,1.0152817499999998,0.0,0.0,0.0,0.0,19.0,1.0,2016-05-18,11.51,10.54,11.51,10.54,12.51693175,1.0,1.0069317499999997,-1.0,90.28838208651094,7.6090122175426265,0.0,97.89739430405356,0.08427454387489142,9.028023083053484e-05,1.0,1.0
2016-05-19,10.33,11.02,10.22,10.98,47866731.0,0.0,1.0,10.33,11.02,10.22,10.98,47866731.0,0.7999999999999989,0.4800000000000004,0.3199999999999985,0.7999999999999989,1.0006649999999997,1.0110567499999998,0.0,0.0,0.0,0.0,19.0,1.0,2016-05-19,10.54,10.98,10.54,10.98,11.555281749999999,1.0,1.0152817499999998,-1.0,97.89739430405356,-4.086798244192011,0.0,93.81059605986155,-0.041745730550284854,9.788781134238902e-05,1.0,1.0
2016-05-20,11.13,11.36,10.87,11.08,42619989.0,0.0,1.0,11.13,11.36,10.87,11.08,42619989.0,0.4900000000000002,0.379999999999999,0.11000000000000121,0.4900000000000002,0.9941649999999997,0.9751317499999999,0.0,0.0,0.0,0.0,19.0,1.0,2016-05-20,10.98,11.08,10.98,11.08,11.99105675,1.0,1.0110567499999998,-1.0,93.81059605986155,-0.8543770132956297,0.0,92.95621904656592,-0.009107468123861429,9.380179645742439e-05,1.0,1.0
2016-05-23,10.8,11.45,10.72,11.38,39484654.0,0.0,1.0,10.8,11.45,10.72,11.38,39484654.0,0.7299999999999986,0.3699999999999992,0.35999999999999943,0.7299999999999986,1.0006649999999997,0.9809567499999996,0.0,0.0,0.0,0.0,19.0,1.0,2016-05-23,11.08,11.38,11.08,11.38,12.05513175,1.0,0.9751317499999999,-1.0,92.95621904656592,-2.5168651366398866,0.0,90.43935390992603,-0.027075812274368394,9.294757899105337e-05,1.0,1.0
2016-05-24,11.41,11.51,11.03,11.11,37876276.0,0.0,1.0,11.41,11.51,11.03,11.11,37876276.0,0.4800000000000004,0.129999999999999,0.3500000000000014,0.4800000000000004,0.9726649999999998,0.9746317499999998,0.0,0.0,0.0,0.0,19.0,1.0,2016-05-24,11.38,11.11,11.38,11.11,12.36095675,1.0,0.9809567499999996,-1.0,90.43935390992603,2.1457491700949154,0.0,92.58510308002094,0.023725834797891143,9.043117537285198e-05,1.0,1.0
2016-05-25,11.39,11.73,11.11,11.65,45684222.0,0.0,1.0,11.39,11.73,11.11,11.65,45684222.0,0.620000000000001,0.620000000000001,0.0,0.620000000000001,0.9441649999999999,0.9550317499999998,0.0,1.0,0.0,0.0,19.0,1.0,2016-05-25,11.11,11.65,11.11,11.65,12.08463175,1.0,0.9746317499999998,-1.0,92.58510308002094,-4.500086018290858,1.0145777061260457,87.07043935560404,-0.04860486048604873,9.257653187227475e-05,1.0,1.0
2016-05-26,11.91,12.04,11.28,11.34,30606487.0,0.0,1.0,11.91,12.04,11.28,11.34,30606487.0,0.7599999999999998,0.3899999999999988,0.370000000000001,0.7599999999999998,0.9446649999999999,0.9349567499999999,0.0,0.0,0.0,0.0,,,2016-05-26,,,,,,,,,,,,,,,,
2016-05-27,11.35,11.42,10.96,11.14,28521765.0,0.0,1.0,11.35,11.42,10.96,11.14,28521765.0,0.4599999999999991,0.08000000000000007,0.379999999999999,0.4599999999999991,0.8976649999999999,0.9204317499999999,0.0,0.0,0.0,0.0,,,2016-05-27,,,,,,,,,,,,,,,,
2016-05-31,11.06,11.504,11.03,11.08,33573177.0,0.0,1.0,11.06,11.504,11.03,11.08,33573177.0,0.4740000000000002,0.363999999999999,0.11000000000000121,0.4740000000000002,0.8848649999999999,0.87648175,0.0,0.0,0.0,0.0,,,2016-05-31,,,,,,,,,,,,,,,,
2016-06-01,10.8,10.87,10.27,10.6,43723783.0,0.0,1.0,10.8,10.87,10.27,10.6,43723783.0,0.5999999999999996,0.21000000000000085,0.8100000000000005,0.8100000000000005,0.847865,0.8811217499999998,0.0,0.0,0.0,0.0,,,2016-06-01,,,,,,,,,,,,,,,,
2016-06-02,10.49,10.71,10.35,10.66,29587472.0,0.0,1.0,10.49,10.71,10.35,10.66,29587472.0,0.3600000000000012,0.11000000000000121,0.25,0.3600000000000012,0.8193650000000001,0.8234717500000002,0.0,0.0,0.0,0.0,,,2016-06-02,,,,,,,,,,,,,,,,
2016-06-03,11.0,11.28,10.91,11.11,34736065.0,0.0,1.0,11.0,11.28,10.91,11.11,34736065.0,0.3699999999999992,0.6199999999999992,0.25,0.6199999999999992,0.793365,0.8093967500000001,0.0,0.0,0.0,0.0,,,2016-06-03,,,,,,,,,,,,,,,,
2016-06-06,11.38,11.68,11.37,11.65,43426882.0,0.0,1.0,11.38,11.68,11.37,11.65,43426882.0,0.3100000000000005,0.5700000000000003,0.2599999999999998,0.5700000000000003,0.7723650000000001,0.78219675,1.0,1.0,0.0,1.0,,,2016-06-06,,,,,,,,,,,,,,,,
2016-06-07,11.32,11.47,11.171,11.24,31997913.0,0.0,1.0,11.32,11.47,11.171,11.24,31997913.0,0.29900000000000126,0.17999999999999972,0.479000000000001,0.479000000000001,0.7253150000000002,0.7576967500000001,0.0,0.0,0.0,0.0,20.0,1.0,2016-06-07,11.65,11.24,11.65,11.24,10.86780325,1.0,0.78219675,1.0,127.84507222767162,-4.499268636338655,1.2784507222767163,122.06735286905625,-0.03519313304721028,0.00012782872995445782,1.0,1.0
2016-06-08,11.64,11.92,11.56,11.58,37411125.0,0.0,1.0,11.64,11.92,11.56,11.58,37411125.0,0.35999999999999943,0.6799999999999997,0.3200000000000003,0.6799999999999997,0.7358150000000001,0.7230492500000001,0.0,0.0,0.0,0.0,20.0,1.0,2016-06-08,11.24,11.58,11.24,11.58,10.48230325,1.0,0.7576967500000001,1.0,122.06735286905625,3.6924288234411984,0.0,125.75978169249746,0.030249110320284656,0.00012205245424905489,1.0,1.0
2016-06-09,11.21,11.21,10.78,10.9,48839648.0,0.0,1.0,11.21,11.21,10.78,10.9,48839648.0,0.4300000000000015,0.3699999999999992,0.8000000000000007,0.8000000000000007,0.7218150000000001,0.7390242500000002,0.0,0.0,0.0,0.0,20.0,1.0,2016-06-09,11.58,10.9,11.58,10.9,10.85695075,1.0,0.7230492500000001,1.0,125.75978169249746,-7.3848576468824,0.0,118.37492404561506,-0.05872193436960271,0.0001257439681585127,1.0,1.0
2016-06-10,10.53,10.68,10.26,10.36,38291212.0,0.0,1.0,10.53,10.68,10.26,10.36,38291212.0,0.41999999999999993,0.22000000000000064,0.6400000000000006,0.6400000000000006,0.6961500000000002,0.7177242500000001,-1.0,-1.0,0.0,-1.0,20.0,1.0,2016-06-10,10.9,10.36,10.9,10.36,10.16097575,1.0,0.7390242500000002,1.0,118.37492404561506,-5.864445778406624,1.2784507222767163,111.23202754493173,-0.04954128440366978,0.00011836091308151906,1.0,1.0
2016-06-13,10.25,10.71,10.25,10.4,25475501.0,0.0,1.0,10.25,10.71,10.25,10.4,25475501.0,0.46000000000000085,0.3500000000000014,0.10999999999999943,0.46000000000000085,0.6651500000000002,0.6843425000000002,0.0,0.0,0.0,0.0,,,2016-06-13,,,,,,,,,,,,,,,,
2016-06-14,10.3,10.45,9.82,10.21,32918439.0,0.0,1.0,10.3,10.45,9.82,10.21,32918439.0,0.629999999999999,0.049999999999998934,0.5800000000000001,0.629999999999999,0.6441500000000001,0.6633925000000002,-1.0,-1.0,0.0,-1.0,,,2016-06-14,,,,,,,,,,,,,,,,
2016-06-15,10.64,11.3,10.6,11.0,62772311.0,0.0,1.0,10.64,11.3,10.6,11.0,62772311.0,0.7000000000000011,1.0899999999999999,0.3899999999999988,1.0899999999999999,0.6556500000000001,0.6664425000000002,0.0,0.0,0.0,0.0,22.0,1.0,2016-06-15,10.21,11.0,10.21,10.873392500000001,10.873392500000001,1.0,0.6633925000000002,-1.0,150.74032341336383,-9.79431929480902,1.5074032341336383,139.43860088442116,-0.06497477962781595,0.00015071760419296367,1.0,1.0
2016-06-16,10.81,10.82,10.32,10.78,39476648.0,0.0,1.0,10.81,10.82,10.32,10.78,39476648.0,0.5,0.17999999999999972,0.6799999999999997,0.6799999999999997,0.63165,0.6568675,0.0,0.0,0.0,0.0,,,2016-06-16,,,,,,,,,,,,,,,,
2016-06-17,11.03,11.4,10.98,11.14,40670861.0,0.0,1.0,11.03,11.4,10.98,11.14,40670861.0,0.41999999999999993,0.620000000000001,0.20000000000000107,0.620000000000001,0.6226500000000001,0.6310675000000001,0.0,0.0,0.0,0.0,,,2016-06-17,,,,,,,,,,,,,,,,
2016-06-20,11.47,11.905,11.42,11.55,38811661.0,0.0,1.0,11.47,11.905,11.42,11.55,38811661.0,0.48499999999999943,0.7649999999999988,0.27999999999999936,0.7649999999999988,0.6364000000000001,0.6297675,0.0,0.0,0.0,0.0,,,2016-06-20,,,,,,,,,,,,,,,,
2016-06-21,11.48,11.66,11.25,11.61,28786549.0,0.0,1.0,11.48,11.66,11.25,11.61,28786549.0,0.41000000000000014,0.10999999999999943,0.3000000000000007,0.41000000000000014,0.6204000000000002,0.6250800000000001,0.0,1.0,0.0,0.0,,,2016-06-21,,,,,,,,,,,,,,,,
2016-06-22,11.81,11.9,11.36,11.5,36800442.0,0.0,1.0,11.81,11.9,11.36,11.5,36800442.0,0.5400000000000009,0.2900000000000009,0.25,0.5400000000000009,0.6234000000000002,0.6163800000000001,0.0,0.0,0.0,0.0,,,2016-06-22,,,,,,,,,,,,,,,,
2016-06-23,11.72,11.93,11.615,11.77,31532920.0,0.0,1.0,11.72,11.93,11.615,11.77,31532920.0,0.3149999999999995,0.4299999999999997,0.11500000000000021,0.4299999999999997,0.6139000000000001,0.6137300000000001,1.0,1.0,0.0,1.0,,,2016-06-23,,,,,,,,,,,,,,,,
2016-06-24,11.02,11.11,10.51,10.58,53372319.0,0.0,1.0,11.02,11.11,10.51,10.58,53372319.0,0.5999999999999996,0.6600000000000001,1.2599999999999998,1.2599999999999998,0.6389000000000001,0.646205,0.0,0.0,0.0,0.0,23.0,1.0,2016-06-24,11.77,10.58,11.77,11.15627,11.15627,1.0,0.6137300000000001,1.0,162.93809981587992,-8.496176720475784,1.6293809981587992,152.81254209724534,-0.052143585386576034,0.00016291155531661858,1.0,1.0
2016-06-27,10.56,10.56,9.99,10.13,30017982.0,0.0,1.0,10.56,10.56,9.99,10.13,30017982.0,0.5700000000000003,0.019999999999999574,0.5899999999999999,0.5899999999999999,0.6454000000000002,0.6364550000000001,-1.0,-1.0,0.0,-1.0,,,2016-06-27,,,,,,,,,,,,,,,,
2016-06-28,10.62,10.92,10.52,10.69,41654444.0,0.0,1.0,10.62,10.92,10.52,10.69,41654444.0,0.40000000000000036,0.7899999999999991,0.3899999999999988,0.7899999999999991,0.6612000000000001,0.6526300000000002,0.0,0.0,0.0,0.0,24.0,1.0,2016-06-28,10.13,10.69,10.13,10.69,10.766455,1.0,0.6364550000000001,-1.0,157.12029915704957,-8.68582107877074,1.5712029915704957,146.86327508670834,-0.05528134254689032,0.0001570956162468286,1.0,1.0
2016-06-29,10.87,11.08,10.76,10.77,29180713.0,0.0,1.0,10.87,11.08,10.76,10.77,29180713.0,0.3200000000000003,0.39000000000000057,0.07000000000000028,0.39000000000000057,0.6402000000000001,0.6476400000000002,0.0,0.0,0.0,0.0,24.0,1.0,2016-06-29,10.69,10.77,10.69,10.77,11.34263,1.0,0.6526300000000002,-1.0,146.86327508670834,-1.0990703467667773,0.0,145.76420473994156,-0.007483629560336879,0.00014684170943234177,1.0,1.0
2016-06-30,10.85,11.18,10.61,11.14,33561204.0,0.0,1.0,10.85,11.18,10.61,11.14,33561204.0,0.5700000000000003,0.41000000000000014,0.16000000000000014,0.5700000000000003,0.6507000000000001,0.6366900000000001,0.0,0.0,0.0,0.0,24.0,1.0,2016-06-30,10.77,11.14,10.77,11.14,11.41764,1.0,0.6476400000000002,-1.0,145.76420473994156,-5.00768391399986,0.0,140.7565208259417,-0.0343546889507893,0.00014574296063318842,1.0,1.0
2016-07-01,11.04,11.5,10.94,11.35,27406899.0,0.0,1.0,11.04,11.5,10.94,11.35,27406899.0,0.5600000000000005,0.35999999999999943,0.20000000000000107,0.5600000000000005,0.6477000000000002,0.6461650000000001,0.0,0.0,0.0,0.0,24.0,1.0,2016-07-01,11.14,11.35,11.14,11.35,11.77669,1.0,0.6366900000000001,-1.0,140.7565208259417,-2.6533994051568826,0.0,138.10312142078482,-0.018850987432674993,0.00014073671121611844,1.0,1.0
2016-07-05,11.1,11.18,10.34,10.5,38045326.0,0.0,1.0,11.1,11.18,10.34,10.5,38045326.0,0.8399999999999999,0.16999999999999993,1.0099999999999998,1.0099999999999998,0.6697000000000001,0.6658150000000002,0.0,0.0,0.0,0.0,24.0,1.0,2016-07-05,11.35,10.5,11.35,10.5,11.996165,1.0,0.6461650000000001,-1.0,138.10312142078482,10.342524511688719,0.0,148.44564593247352,0.07488986784140961,0.0001380840515822429,1.0,1.0
2016-07-06,10.45,10.9,10.27,10.89,29674717.0,0.0,1.0,10.45,10.9,10.27,10.89,29674717.0,0.6300000000000008,0.40000000000000036,0.23000000000000043,0.6300000000000008,0.6772500000000001,0.6677150000000001,0.0,0.0,0.0,0.0,24.0,1.0,2016-07-06,10.5,10.89,10.5,10.89,11.165815,1.0,0.6658150000000002,-1.0,148.44564593247352,-5.513695420349017,0.0,142.9319505121245,-0.037142857142857144,0.00014842361309335626,1.0,1.0
2016-07-07,11.07,11.41,10.56,10.67,38363036.0,0.0,1.0,11.07,11.41,10.56,10.67,38363036.0,0.8499999999999996,0.5199999999999996,0.33000000000000007,0.8499999999999996,0.6857500000000001,0.6858875000000001,0.0,0.0,0.0,0.0,24.0,1.0,2016-07-07,10.89,10.67,10.89,10.67,11.557715,1.0,0.6677150000000001,-1.0,142.9319505121245,2.8875141517600937,0.0,145.8194646638846,0.02020202020202022,0.00014291152388926434,1.0,1.0
2016-07-08,10.93,11.24,10.81,11.2,35986569.0,0.0,1.0,10.93,11.24,10.81,11.2,35986569.0,0.4299999999999997,0.5700000000000003,0.14000000000000057,0.5700000000000003,0.67425,0.6799625,0.0,0.0,0.0,0.0,24.0,1.0,2016-07-08,10.67,11.2,10.67,11.2,11.3558875,1.0,0.6858875000000001,-1.0,145.8194646638846,-7.24314116887147,0.0,138.57632349501313,-0.0496719775070289,0.00014579820444776307,1.0,1.0
2016-07-11,11.4,11.89,11.37,11.65,33331969.0,0.0,1.0,11.4,11.89,11.37,11.65,33331969.0,0.5200000000000014,0.6900000000000013,0.16999999999999993,0.6900000000000013,0.6767500000000001,0.6750375000000001,0.0,1.0,0.0,0.0,24.0,1.0,2016-07-11,11.2,11.65,11.2,11.65,11.8799625,1.0,0.6799625,-1.0,138.57632349501313,-5.567798711853232,1.5712029915704957,131.4373217915894,-0.04017857142857162,0.00013855712275834722,1.0,1.0
2016-07-12,12.05,12.98,12.02,12.9,58894450.0,0.0,1.0,12.05,12.98,12.02,12.9,58894450.0,0.9600000000000009,1.33,0.3699999999999992,1.33,0.7202500000000001,0.7094125000000001,1.0,1.0,0.0,1.0,,,2016-07-12,,,,,,,,,,,,,,,,
2016-07-13,12.8,13.0,12.42,12.96,44399700.0,0.0,1.0,12.8,13.0,12.42,12.96,44399700.0,0.5800000000000001,0.09999999999999964,0.4800000000000004,0.5800000000000001,0.7177500000000001,0.7132375000000001,1.0,1.0,0.0,1.0,25.0,1.0,2016-07-13,12.9,12.96,12.9,12.96,12.1905875,1.0,0.7094125000000001,1.0,140.96171127517485,0.6556358663961758,1.4096171127517485,140.20773002881927,0.0046511627906977715,0.00014094184387167241,1.0,1.0
2016-07-14,13.03,13.2199,12.6807,12.95,31544134.0,0.0,1.0,13.03,13.2199,12.6807,12.95,31544134.0,0.539200000000001,0.2599,0.279300000000001,0.539200000000001,0.6902100000000002,0.7088225000000001,0.0,0.0,0.0,0.0,25.0,1.0,2016-07-14,12.96,12.95,12.96,12.95,12.2467625,1.0,0.7132375000000001,1.0,140.20773002881927,-0.10818497687411277,0.0,140.09954505194517,-0.0007716049382717749,0.00014018807457710571,1.0,1.0
2016-07-15,13.03,13.25,12.91,13.11,24207936.0,0.0,1.0,13.03,13.25,12.91,13.11,24207936.0,0.33999999999999986,0.3000000000000007,0.03999999999999915,0.33999999999999986,0.6732100000000002,0.6726995000000002,1.0,1.0,0.0,1.0,25.0,1.0,2016-07-15,12.95,13.11,12.95,13.11,12.2411775,1.0,0.7088225000000001,1.0,140.09954505194517,1.730959629985432,0.0,141.8305046819306,0.01235521235521242,0.00014007991991889362,1.0,1.0
2016-07-18,12.91,13.15,12.6,13.14,22195093.0,0.0,1.0,12.91,13.15,12.6,13.14,22195093.0,0.5500000000000007,0.040000000000000924,0.5099999999999998,0.5500000000000007,0.6697100000000001,0.6670495000000003,1.0,1.0,0.0,1.0,25.0,1.0,2016-07-18,13.11,13.14,13.11,13.14,12.4373005,1.0,0.6726995000000002,1.0,141.8305046819306,0.3245549306222815,0.0,142.15505961255286,0.0022883295194509046,0.0001418103916425148,1.0,1.0
2016-07-19,12.92,12.95,12.4,12.45,27053211.0,0.0,1.0,12.92,12.95,12.4,12.45,27053211.0,0.5499999999999989,0.19000000000000128,0.7400000000000002,0.7400000000000002,0.6684600000000003,0.6732245000000001,0.0,0.0,0.0,0.0,25.0,1.0,2016-07-19,13.14,12.45,13.14,12.4729505,12.4729505,1.0,0.6670495000000003,1.0,142.15505961255286,-7.216473473137265,1.4096171127517485,133.52896902666384,-0.05076480213089807,0.00014213485442384922,1.0,1.0
2016-07-20,12.11,12.4,11.69,12.3,39176584.0,0.0,1.0,12.11,12.4,11.69,12.3,39176584.0,0.7100000000000009,0.049999999999998934,0.7599999999999998,0.7599999999999998,0.6859600000000002,0.6730370000000002,0.0,0.0,0.0,0.0,,,2016-07-20,,,,,,,,,,,,,,,,
2016-07-21,12.5,12.89,12.44,12.87,34135740.0,0.0,1.0,12.5,12.89,12.44,12.87,34135740.0,0.45000000000000107,0.5899999999999999,0.1399999999999988,0.5899999999999999,0.6884600000000002,0.6811620000000003,0.0,0.0,0.0,0.0,,,2016-07-21,,,,,,,,,,,,,,,,
2016-07-22,12.78,12.8774,12.53,12.67,23425934.0,0.0,1.0,12.78,12.8774,12.53,12.67,23425934.0,0.3474000000000004,0.007400000000000517,0.33999999999999986,0.3474000000000004,0.6843300000000002,0.6714070000000002,0.0,0.0,0.0,0.0,,,2016-07-22,,,,,,,,,,,,,,,,
2016-07-25,12.62,12.62,12.17,12.38,29503183.0,0.0,1.0,12.62,12.62,12.17,12.38,29503183.0,0.4499999999999993,0.05000000000000071,0.5,0.5,0.6463300000000002,0.6751135000000003,0.0,0.0,0.0,0.0,,,2016-07-25,,,,,,,,,,,,,,,,
2016-07-26,11.6,12.84,11.25,12.68,71507368.0,0.0,1.0,11.6,12.84,11.25,12.68,71507368.0,1.5899999999999999,0.4599999999999991,1.1300000000000008,1.5899999999999999,0.6963300000000002,0.6935135000000001,0.0,0.0,0.0,0.0,,,2016-07-26,,,,,,,,,,,,,,,,
2016-07-27,12.89,13.59,12.8,13.06,51482472.0,0.0,1.0,12.89,13.59,12.8,13.06,51482472.0,0.7899999999999991,0.9100000000000001,0.120000000000001,0.9100000000000001,0.7023300000000002,0.7070135000000002,0.0,0.0,0.0,0.0,,,2016-07-27,,,,,,,,,,,,,,,,
2016-07-28,13.13,13.195,12.72,12.94,24785448.0,0.0,1.0,13.13,13.195,12.72,12.94,24785448.0,0.47499999999999964,0.1349999999999998,0.33999999999999986,0.47499999999999964,0.7065800000000002,0.6909635000000003,0.0,0.0,0.0,0.0,,,2016-07-28,,,,,,,,,,,,,,,,
2016-07-29,12.76,13.035,12.63,12.96,28907758.0,0.0,1.0,12.76,13.035,12.63,12.96,28907758.0,0.40499999999999936,0.09500000000000064,0.3099999999999987,0.40499999999999936,0.6983300000000001,0.6915010000000001,0.0,0.0,0.0,0.0,,,2016-07-29,,,,,,,,,,,,,,,,
2016-08-01,13.01,13.04,12.41,12.48,26074606.0,0.0,1.0,13.01,13.04,12.41,12.48,26074606.0,0.629999999999999,0.0799999999999983,0.5500000000000007,0.629999999999999,0.7018300000000001,0.6949135000000001,0.0,0.0,0.0,0.0,,,2016-08-01,,,,,,,,,,,,,,,,
2016-08-02,12.64,12.7,12.21,12.4,24142208.0,0.0,1.0,12.64,12.7,12.21,12.4,24142208.0,0.48999999999999844,0.21999999999999886,0.2699999999999996,0.48999999999999844,0.67583,0.6912385,0.0,0.0,0.0,0.0,,,2016-08-02,,,,,,,,,,,,,,,,
2016-08-03,12.2,12.58,12.03,12.39,24940569.0,0.0,1.0,12.2,12.58,12.03,12.39,24940569.0,0.5500000000000007,0.17999999999999972,0.370000000000001,0.5500000000000007,0.67183,0.6695385,0.0,0.0,0.0,0.0,,,2016-08-03,,,,,,,,,,,,,,,,
2016-08-04,12.23,12.6,12.2,12.32,23460428.0,0.0,1.0,12.23,12.6,12.2,12.32,23460428.0,0.40000000000000036,0.20999999999999908,0.19000000000000128,0.40000000000000036,0.6493300000000001,0.6582385000000001,0.0,-1.0,0.0,0.0,,,2016-08-04,,,,,,,,,,,,,,,,
2016-08-05,12.32,12.37,11.88,12.23,36713630.0,0.0,1.0,12.32,12.37,11.88,12.23,36713630.0,0.48999999999999844,0.049999999999998934,0.4399999999999995,0.48999999999999844,0.64533,0.6413635,0.0,-1.0,0.0,0.0,,,2016-08-05,,,,,,,,,,,,,,,,
2016-08-08,12.49,12.73,12.28,12.29,29320653.0,0.0,1.0,12.49,12.73,12.28,12.29,29320653.0,0.45000000000000107,0.5,0.049999999999998934,0.5,0.6358299999999999,0.6380635,0.0,0.0,0.0,0.0,,,2016-08-08,,,,,,,,,,,,,,,,
2016-08-09,12.28,12.5,12.03,12.09,20129825.0,0.0,1.0,12.28,12.5,12.03,12.09,20129825.0,0.47000000000000064,0.21000000000000085,0.2599999999999998,0.47000000000000064,0.59283,0.6275384999999999,-1.0,-1.0,0.0,-1.0,,,2016-08-09,,,,,,,,,,,,,,,,
2016-08-10,12.47,12.5,12.0,12.02,21311058.0,0.0,1.0,12.47,12.5,12.0,12.02,21311058.0,0.5,0.41000000000000014,0.08999999999999986,0.5,0.58883,0.5881885,-1.0,-1.0,0.0,-1.0,29.0,1.0,2016-08-10,12.09,12.02,12.09,12.02,12.7175385,1.0,0.6275384999999999,-1.0,159.35277277808456,0.9226380557870988,1.5935277277808455,158.68188310609082,0.005789909015715522,0.00015932738351774153,1.0,1.0
2016-08-11,12.15,12.2,11.93,12.11,21517362.0,0.0,1.0,12.15,12.2,11.93,12.11,21517362.0,0.2699999999999996,0.17999999999999972,0.08999999999999986,0.2699999999999996,0.5753699999999998,0.5728884999999999,0.0,0.0,0.0,0.0,29.0,1.0,2016-08-11,12.02,12.11,12.02,12.11,12.608188499999999,1.0,0.5881885,-1.0,158.68188310609082,-1.1881339001287987,0.0,157.49374920596202,-0.0074875207986688785,0.0001586567071610311,1.0,1.0
2016-08-12,12.0,12.18,11.72,11.82,23227379.0,0.0,1.0,12.0,12.18,11.72,11.82,23227379.0,0.4599999999999991,0.07000000000000028,0.3899999999999988,0.4599999999999991,0.5813699999999998,0.5696014999999999,-1.0,-1.0,0.0,-1.0,29.0,1.0,2016-08-12,12.11,11.82,12.11,11.82,12.682888499999999,1.0,0.5728884999999999,-1.0,157.49374920596202,3.771526611868604,0.0,161.26527581783063,0.023947151114781073,0.00015746894883082713,1.0,1.0
2016-08-15,11.9495,12.28,11.9299,12.17,20571295.0,0.0,1.0,11.9495,12.28,11.9299,12.17,20571295.0,0.3500999999999994,0.4599999999999991,0.10989999999999966,0.4599999999999991,0.5768699999999998,0.5753014999999998,0.0,0.0,0.0,0.0,29.0,1.0,2016-08-15,11.82,12.17,11.82,12.17,12.3896015,1.0,0.5696014999999999,-1.0,161.26527581783063,-4.775198522524595,0.0,156.49007729530604,-0.029610829103214886,0.00016123927352191346,1.0,1.0
2016-08-16,12.36,12.36,12.05,12.08,20054963.0,0.0,1.0,12.36,12.36,12.05,12.08,20054963.0,0.3099999999999987,0.1899999999999995,0.11999999999999922,0.3099999999999987,0.5553699999999997,0.5635264999999997,0.0,0.0,0.0,0.0,29.0,1.0,2016-08-16,12.17,12.08,12.17,12.08,12.7453015,1.0,0.5753014999999998,-1.0,156.49007729530604,1.1572807688231257,0.0,157.64735806412915,0.007395234182415722,0.0001564655919827226,1.0,1.0
2016-08-17,11.98,12.045,11.78,12.0,20248308.0,0.0,1.0,11.98,12.045,11.78,12.0,20248308.0,0.26500000000000057,0.03500000000000014,0.3000000000000007,0.3000000000000007,0.5323699999999997,0.5426014999999997,0.0,0.0,0.0,0.0,29.0,1.0,2016-08-17,12.08,12.0,12.08,12.0,12.6435265,1.0,0.5635264999999997,-1.0,157.64735806412915,1.0440222388352978,0.0,158.69138030296446,0.0066225165562914245,0.00015762250929196784,1.0,1.0
2016-08-18,12.2,12.27,12.04,12.23,20857112.0,0.0,1.0,12.2,12.27,12.04,12.23,20857112.0,0.23000000000000043,0.2699999999999996,0.03999999999999915,0.2699999999999996,0.5163699999999997,0.5192514999999996,0.0,0.0,0.0,0.0,29.0,1.0,2016-08-18,12.0,12.23,12.0,12.23,12.5426015,1.0,0.5426014999999997,-1.0,158.69138030296446,-3.0415847891401695,0.0,155.6497955138243,-0.019166666666666776,0.00015866620134446567,1.0,1.0
2016-08-19,12.06,12.08,11.89,11.97,17271057.0,0.0,1.0,12.06,12.08,11.89,11.97,17271057.0,0.1899999999999995,0.15000000000000036,0.33999999999999986,0.33999999999999986,0.5159999999999997,0.5075514999999997,0.0,0.0,0.0,0.0,29.0,1.0,2016-08-19,12.23,11.97,12.23,11.97,12.7492515,1.0,0.5192514999999996,-1.0,155.6497955138243,3.308989929157348,0.0,158.95878544298165,0.021259198691741643,0.00015562557242529957,1.0,1.0
2016-08-22,11.75,11.925,11.51,11.83,20348723.0,0.0,1.0,11.75,11.925,11.51,11.83,20348723.0,0.4150000000000009,0.04499999999999993,0.46000000000000085,0.46000000000000085,0.5139999999999997,0.5131999999999997,0.0,0.0,0.0,0.0,29.0,1.0,2016-08-22,11.97,11.83,11.97,11.83,12.4775515,1.0,0.5075514999999997,-1.0,158.95878544298165,1.8591670812044636,0.0,160.81795252418613,0.011695906432748537,0.00015893352156342775,1.0,1.0
2016-08-23,11.95,12.2,11.79,11.98,25042906.0,0.0,1.0,11.95,12.2,11.79,11.98,25042906.0,0.41000000000000014,0.3699999999999992,0.040000000000000924,0.41000000000000014,0.45499999999999974,0.5087999999999997,0.0,0.0,0.0,0.0,29.0,1.0,2016-08-23,11.83,11.98,11.83,11.98,12.3432,1.0,0.5131999999999997,-1.0,160.81795252418613,-2.039111824059831,0.0,158.7788407001263,-0.012679628064243388,0.00016079209426880374,1.0,1.0
2016-08-24,11.82,11.86,11.04,11.08,43786580.0,0.0,1.0,11.82,11.86,11.04,11.08,43786580.0,0.8200000000000003,0.120000000000001,0.9400000000000013,0.9400000000000013,0.4564999999999998,0.4792499999999998,-1.0,-1.0,0.0,-1.0,29.0,1.0,2016-08-24,11.98,11.08,11.98,11.08,12.4888,1.0,0.5087999999999997,-1.0,158.7788407001263,11.92829354174572,0.0,170.707134241872,0.07512520868113526,0.00015875363398216568,1.0,1.0
2016-08-25,11.08,11.3,10.89,11.09,31297582.0,0.0,1.0,11.08,11.3,10.89,11.09,31297582.0,0.41000000000000014,0.22000000000000064,0.1899999999999995,0.41000000000000014,0.4532499999999998,0.4541749999999998,0.0,0.0,0.0,0.0,29.0,4.0,2016-08-25,11.08,11.09,11.14869225,11.09,11.55925,1.0,0.4792499999999998,-1.0,648.7654525761257,3.415423377029825,1.5935277277808455,650.5873482253746,0.0052644963807302325,0.0006483448288498115,1.0,1.0
2016-08-26,11.24,11.58,10.82,10.89,32777290.0,0.0,1.0,11.24,11.58,10.82,10.89,32777290.0,0.7599999999999998,0.4900000000000002,0.2699999999999996,0.7599999999999998,0.4709999999999998,0.4685874999999998,-1.0,-1.0,0.0,-1.0,29.0,4.0,2016-08-26,11.09,10.89,11.09,10.89,11.544175,1.0,0.4541749999999998,-1.0,650.5873482253746,11.732864711007634,0.0,662.3202129363823,0.01803426510369699,0.0006501643595188047,1.0,1.0
2016-08-29,10.82,11.115,10.8,10.98,18306911.0,0.0,1.0,10.82,11.115,10.8,10.98,18306911.0,0.3149999999999995,0.22499999999999964,0.08999999999999986,0.3149999999999995,0.4552499999999998,0.4631999999999998,0.0,0.0,0.0,0.0,29.0,4.0,2016-08-29,10.89,10.98,10.89,10.98,11.3585875,1.0,0.4685874999999998,-1.0,662.3202129363823,-5.473720768069257,1.5935277277808455,655.2529644405322,-0.008264462809917328,0.0006618818352183418,1.0,1.0
